ADM2_ES,ADM2_PCODE,admn2Nm,lat,lon,X7,X8,X9,X10,X11,
Abejorral,CO05002,Abejorral,5.789444444,-75.42805556,,,,,,
Ábrego,CO54003,Ábrego,8,-73.2,,,,,,
Abriaquí,CO05004,Abriaquí,6.633333333,-76.06666667,,,,,,
Acacías,CO50006,Acacías,3.987777778,-73.75972222,,,,,,
Acandí,CO27006,Acandí,8.533333333,-77.23333333,,,,,,
Acevedo,CO41006,"Acevedo, Huila",1.81917,-75.8964,,,,,,
Achí,CO13006,"Achí, Bolívar",8.566666667,-74.55,,,,,,
Agrado,CO41013,Agrado,2.258331,-75.7725,,,,,,
Agua de Dios,CO25001,Agua de Dios,4.378056,-74.673889,,,,,,
Aguachica,CO20011,Aguachica,8.316666667,-73.63333333,,,,,,
Aguada,CO68013,"Aguada, Santander",6.25,-73.46666667,,,,,,
Aguadas,CO17013,"Aguadas, Caldas",5.616666667,-75.46666667,,,,,,
Aguazul,CO85010,Aguazul,5.17306,-72.5547,,,,,,
Agustín Codazzi,CO20013,"Agustín Codazzi, Cesar",10.03666667,-73.23694444,,,,,,
Aipe,CO41016,Aipe,3.216666667,-75.23333333,,,,,,
Albán,CO25019,Albán,1.474444,-77.083611,,,,,,
Albán,CO52019,"Albán, Cundinamarca",4.878333333,-74.43833333,,,,,,
Albania,CO18029,"Albania, Caquetá",1.33167,-75.8822,,,,,,
Albania,CO44035,"Albania, La Guajira",11.1597,-72.5856,,,,,,
Albania,CO68020,"Albania, Santander",5.76139,-73.9178,,,,,,
Alcalá,CO76020,"Alcalá, Valle del Cauca",4.666666667,-75.75,,,,,,
Aldana,CO52022,Aldana,0.883333333,-77.7,,,,,,
Alejandría,CO05021,Alejandría,6.376944444,-75.14111111,,,,,,
Algarrobo,CO47030,"Algarrobo, Magdalena",10.1,-74.2667,,,,,,
Algeciras,CO41020,"Algeciras, Huila",2.533333333,-75.31666667,,,,,,
Almaguer,CO19022,"Almaguer, Cauca",1.916666667,-76.86666667,,,,,,
Almeida,CO15022,"Almeida, Boyacá",4.966666667,-73.38333333,,,,,,
Alpujarra,CO73024,"Alpujarra, Tolima",3.416666667,-74.91666667,,,,,,
Altamira,CO41026,"Altamira, Huila",2.06278,-75.7872,,,,,,
Alto Baudó,CO27025,Alto Baudó,5.533333333,-77,,,,,,
Altos del Rosario,CO13030,Altos del Rosario,8.8,-74.16666667,,,,,,
Alvarado,CO73026,"Alvarado, Tolima",4.566666667,-74.95,,,,,,
Amagá,CO05030,Amagá,6.05,-75.7,,,,,,
Amalfi,CO05031,"Amalfi, Antioquia",6.916666667,-75.08333333,,,,,,
Ambalema,CO73030,Ambalema,4.783333333,-74.76666667,,,,,,
Anapoima,CO25035,Anapoima,4.550277778,-74.53611111,,,,,,
Ancuya,CO52036,Ancuya,1.266666667,-77.53333333,,,,,,
Andalucía,CO76036,"Andalucía, Valle del Cauca",4.166666667,-76.16666667,,,,,,
Andes,CO05034,"Andes, Antioquia",5.583333333,-75.91666667,,,,,,
Angelópolis,CO05036,Angelópolis,6.133333333,-75.7,,,,,,
Angostura,CO05038,"Angostura, Antioquia",6.866666667,-75.33333333,,,,,,
Anolaima,CO25040,Anolaima,4.761738889,-74.46401667,,,,,,
Anorí,CO05040,Anorí,7.073611111,-75.14583333,,,,,,
Anserma,CO17042,"Anserma, Caldas",5.238091667,-75.78404167,,,,,,
Ansermanuevo,CO76041,Ansermanuevo,4.8,-76,,,,,,
Anzá,CO05044,Anzá,6.3,-75.85,,,,,,
Anzoátegui,CO73043,"Anzoátegui, Tolima",4.63389,-75.0972,,,,,,
Apartadó,CO05045,Apartadó,7.883333333,-76.63333333,,,,,,
Apía,CO66045,"Apía, Risaralda",5.1,-75.95,,,,,,
Apulo,CO25599,Apulo,4.520833333,-74.59861111,,,,,,
Aquitania,CO15047,"Aquitania, Boyacá",5.583333333,-72.83333333,,,,,,
Aracataca,CO47053,Aracataca,10.59369444,-74.19280833,,,,,,
Aranzazu,CO17050,"Aranzazu, Caldas",5.3,-75.45,,,,,,
Aratoca,CO68051,Aratoca,6.7,-73.01666667,,,,,,
Arauca,CO81001,"Arauca, Arauca",7.090277778,-70.76166667,,,,,,
Arauquita,CO81065,Arauquita,7.03028,-71.4356,,,,,,
Arbeláez,CO25053,Arbeláez,4.272222222,-74.41555556,,,,,,
Arboleda,CO52051,Arboleda,1.50333,-77.0878,,,,,,
Arboledas,CO54051,Arboledas,7.666666667,-72.75,,,,,,
Arboletes,CO05051,Arboletes,8.851666667,-76.42833333,,,,,,
Arcabuco,CO15051,Arcabuco,5.75,-73.43333333,,,,,,
Arenal,CO13042,Arenal,8.466667,-73.95,,,,,,
Argelia,CO05055,"Argelia, Antioquia",5.7425,-75.14638889,,,,,,
Argelia,CO19050,"Argelia, Cauca",2.243055556,-77.27861111,,,,,,
Argelia,CO76054,"Argelia, Valle del Cauca",4.666666667,-76.66666667,,,,,,
Ariguaní,CO47058,Ariguaní,9.85,-74.2386,,,,,,
Arjona,CO13052,Arjona,10.258611,-75.346111,,,,,,
Armenia,CO05059,"Armenia, Antioquia",6.156388889,-75.78722222,,,,,,
Armenia,CO63001,"Armenia, Quindio",4.53,-75.68,,,,,,
Armero,CO73055,Armero,4.963333333,-74.90555556,,,,,,
Arroyohondo,CO13062,Arroyohondo,10.133333,-75.566667,,,,,,
Astrea,CO20032,"Astrea, Cesar",9.5,-73.98333333,,,,,,
Ataco,CO73067,Ataco,3.6,-75.38333333,,,,,,
Atrato,CO27050,Atrato,10.06666667,-74.2,,,,,,
Ayapel,CO23068,Ayapel,8.316666667,-75.15,,,,,,
Bagadó,CO27073,Bagadó,5.416666667,-76.41666667,,,,,,
Bahía Solano,CO27075,Bahía Solano,6.216666667,-77.4,,,,,,
Bajo Baudó,CO27077,Bajo Baudó,4.95,-77.36666667,,,,,,
Balboa,CO19075,"Balboa, Cauca",2.043611111,-77.21972222,,,,,,
Balboa,CO66075,"Balboa, Risaralda",4.916669444,-75.95,,,,,,
Baranoa,CO08078,Baranoa,10.8,-74.91666667,,,,,,
Baraya,CO41078,Baraya,3.153055556,-75.0525,,,,,,
Barbacoas,CO52079,"Barbacoas, Nariño",1.671666667,-78.13972222,,,,,,
Barbosa,CO05079,"Barbosa, Antioquia",6.439,-75.333,,,,,,
Barbosa,CO68077,"Barbosa, Santander",5.933,-73.621,,,,,,
Barichara,CO68079,Barichara,6.63,-73.23333333,,,,,,
Barranca de Upía,CO50110,Barranca de Upía,4.58,-72.96666667,,,,,,
Barrancabermeja,CO68081,Barrancabermeja,7.066666667,-73.85,,,,,,
Barrancas,CO44078,"Barrancas, La Guajira",11,-72.75,,,,,,
Barranco de Loba,CO13074,Barranco de Loba,8.95,-74.11666667,,,,,,
Barrancominas,CO94343,Barranco Minas,3.483333,-69.8,,,,,,
Barranquilla,CO08001,Barranquilla,10.96388889,-74.79638889,,,,,,
Becerril,CO20045,Becerril,9.7,-73.28333333,,,,,,
Belalcázar,CO17088,"Belalcázar, Caldas",5,-75.81666667,,,,,,
Belén,CO15087,"Belén, Boyacá",6.083333333,-72.91666667,,,,,,
Belén,CO52083,"Belén, Nariño",1.66417,-77.0175,,,,,,
Belén de los Andaquíes,CO18094,Belén de Andaquies,1.41611,-75.8725,,,,,,
Belén de Umbría,CO66088,Belén de Umbría,5.2,-75.86666667,,,,,,
Bello,CO05088,"Bello, Antioquia",6.333333333,-75.56666667,,,,,,
Belmira,CO05086,Belmira,6.6,-75.66666667,,,,,,
Beltrán,CO25086,"Beltrán, Cundinamarca",4.801388889,-74.74305556,,,,,,
Berbeo,CO15090,Berbeo,5.226666667,-73.12666667,,,,,,
Betania,CO05091,"Betania, Antioquia",5.75,-75.96666667,,,,,,
Betéitiva,CO15092,Betéitiva,5.916666667,-72.81666667,,,,,,
Betulia,CO05093,"Betulia, Antioquia",6.112222,-75.983889,,,,,,
Betulia,CO68092,"Betulia, Santander",6.9,-73.28361111,,,,,,
Bituima,CO25095,Bituima,4.874444444,-74.54055556,,,,,,
Boavita,CO15097,Boavita,6.333333333,-72.58333333,,,,,,
Bochalema,CO54099,Bochalema,7.666666667,-72.58333333,,,,,,
"Bogotá, D.C.",CO11001,"Bogotá, DC",4.711111,-74.072222,,,,,,
Bojacá,CO25099,Bojacá,4.733611111,-74.34222222,,,,,,
Bojayá,CO27099,Bojayá,6.523611111,-76.97444444,,,,,,
Bolívar,CO19100,"Bolívar, Cauca",1.97083,-76.9694,,,,,,
Bolívar,CO68101,"Bolívar, Santander",5.991111111,-73.77388889,,,,,,
Bolívar,CO76100,"Bolívar, Valle del Cauca",4.338611111,-76.18472222,,,,,,
Bosconia,CO20060,Bosconia,9.97611,-73.8903,,,,,,
Boyacá,CO15104,"Boyacá, Boyacá",5.454166667,-73.36194444,,,,,,
Briceño,CO05107,"Briceño, Antioquia",7.111111111,-75.55,,,,,,
Briceño,CO15106,"Briceño, Boyacá",5.7,-73.9333,,,,,,
Bucaramanga,CO68001,Bucaramanga,7.133333333,-73,,,,,,
Bucarasica,CO54109,Bucarasica,8.05,-72.86666667,,,,,,
Buenaventura,CO76109,"Buenaventura, Valle del Cauca",3.877222222,-77.02666667,,,,,,
Buenavista,CO15109,"Buenavista, Boyacá",5.511388889,-73.94194444,,,,,,
Buenavista,CO23079,"Buenavista, Córdoba",8.68333,-75.25,,,,,,
Buenavista,CO63111,"Buenavista, Quindío",4.359722222,-75.73916667,,,,,,
Buenavista,CO70110,"Buenavista, Sucre",9.32222,-74.9772,,,,,,
Buenos Aires,CO19110,"Buenos Aires, Cauca",2.916666667,-76.66666667,,,,,,
Buesaco,CO52110,Buesaco,1.383333333,-77.16666667,,,,,,
Bugalagrande,CO76113,Bugalagrande,4.216666667,-76.16666667,,,,,,
Buriticá,CO05113,Buriticá,6.75,-75.91666667,,,,,,
Busbanzá,CO15114,Busbanzá,5.816666667,-72.86666667,,,,,,
Cabrera,CO25120,"Cabrera, Cundinamarca",3.978055556,-74.48583333,,,,,,
Cabrera,CO68121,"Cabrera, Santander",6.593333333,-73.24777778,,,,,,
Cabuyaro,CO50124,Cabuyaro,4.283333333,-72.78333333,,,,,,
Cacahual,CO94886,Cacahual,7.58322,-75.46466,,,,,,
Cáceres,CO05120,"Cáceres, Antioquia",7.666666667,-75.33333333,,,,,,
Cachipay,CO25123,"Cachipay, Cundinamarca",4.730833333,-74.4375,,,,,,
Cáchira,CO54128,Cáchira,7.75,-73.166667,,,,,,
Cácota,CO54125,Cácota,7.266666667,-72.65,,,,,,
Caicedo,CO05125,Caicedo,6.405,-75.98222222,,,,,,
Caicedonia,CO76122,Caicedonia,4.333333333,-75.83333333,,,,,,
Caimito,CO70124,"Caimito, Sucre",8.833333333,-75.16666667,,,,,,
Cajamarca,CO73124,"Cajamarca, Tolima",4.416666667,-75.5,,,,,,
Cajibío,CO19130,"Cajibio, Cauca",2.633333333,-76.63333333,,,,,,
Cajicá,CO25126,Cajicá,4.916666667,-74.03333333,,,,,,
Calamar,CO13140,"Calamar, Bolívar",10.25,-74.915833,,,,,,
Calamar,CO95015,"Calamar, Guaviare",1.920555556,-72.55416667,,,,,,
Calarcá,CO63130,Calarcá,4.533333333,-75.65,,,,,,
Caldas,CO05129,"Caldas, Antioquia",6.09,-75.638,,,,,,
Caldas,CO15131,"Caldas, Boyacá",5.5575,-73.8686,,,,,,
Caldono,CO19137,"Caldono, Cauca",2.8,-76.53333333,,,,,,
Cali,CO76001,Cali,3.420555556,-76.52222222,,,,,,
California,CO68132,"California, Santander",7.35,-72.96666667,,,,,,
Calima,CO76126,"Calima, Valle del Cauca",3.916666667,-76.66666667,,,,,,
Caloto,CO19142,"Caloto, Cauca",3.033333333,-76.41666667,,,,,,
Campamento,CO05134,"Campamento, Antioquia",6.978888889,-75.29638889,,,,,,
Campo de la Cruz,CO08137,Campo de la Cruz,10.37777778,-74.88138889,,,,,,
Campoalegre,CO41132,Campoalegre,2.686666667,-75.32555556,,,,,,
Campohermoso,CO15135,Campohermoso,5.083333333,-73,,,,,,
Canalete,CO23090,Canalete,8.79,-76.2411,,,,,,
Cañasgordas,CO05138,Cañasgordas,6.749722222,-76.02583333,,,,,,
Candelaria,CO08141,"Candelaria, Atlántico",10.459167,-74.880556,,,,,,
Candelaria,CO76130,"Candelaria, Valle del Cauca",3.4,-76.38333333,,,,,,
Cantagallo,CO13160,"Cantagallo, Bolívar",7.376111111,-73.91527778,,,,,,
Caparrapí,CO25148,Caparrapí,5.344166667,-74.49166667,,,,,,
Capitanejo,CO68147,"Capitanejo, Santander",6.533333333,-72.7,,,,,,
Cáqueza,CO25151,Cáqueza,4.405277778,-73.94777778,,,,,,
Caracolí,CO05142,Caracolí,6.41194,-74.7606,,,,,,
Caramanta,CO05145,Caramanta,5.583333333,-75.58333333,,,,,,
Carcasí,CO68152,Carcasí,6.633333333,-72.63333333,,,,,,
Carepa,CO05147,Carepa,7.757777778,-76.65527778,,,,,,
Carmen de Apicalá,CO73148,Carmen de Apicalá,4.15,-74.733333,,,,,,
Carmen de Carupa,CO25154,Carmen de Carupa,5.350277778,-73.90527778,,,,,,
Carmen del Darién,CO27150,Carmen del Darién,7.157778,-76.970833,,,,,,
Carolina,CO05150,Carolina del Principé,6.72583,-75.2842,,,,,,
Cartagena de Indias,CO13001,Cartagena de India,10.4,-75.5,,,,,,
Cartagena del Chairá,CO18150,Cartagena del Chairá,1.35,-74.83333333,,,,,,
Cartago,CO76147,"Cartago, Valle del Cauca",4.7,-75.91,,,,,,
Carurú,CO97161,Carurú,1.013333,-71.3,,,,,,
Casabianca,CO73152,"Casabianca, Tolima",5.083333333,-75.11666667,,,,,,
Castilla la Nueva,CO50150,"Castilla la Nueva, Meta",3.833333333,-73.68333333,,,,,,
Caucasia,CO05154,"Caucasia, Antioquia",7.983333333,-75.2,,,,,,
Cepitá,CO68160,Cepitá,6.75,-72.98333333,,,,,,
Cereté,CO23162,Cereté,8.883333333,-75.8,,,,,,
Cerinza,CO15162,Cerinza,6,-72.91666667,,,,,,
Cerrito,CO68162,"Cerrito, Santander",6.845,-72.698,,,,,,
Cerro de San Antonio,CO47161,Cerro San Antonio,10.33333333,-74.86666667,,,,,,
Cértegui,CO27160,Cértegui,5.4,-76.6,,,,,,
Chachagüí,CO52240,Chachagüí,1.3605,-77.2835,,,,,,
Chaguaní,CO25168,Chaguaní,4.948611111,-74.59361111,,,,,,
Chalán,CO70230,Chalán,9.55,-75.31666667,,,,,,
Chámeza,CO85015,Chámeza,5.216666667,-72.88333333,,,,,,
Chaparral,CO73168,"Chaparral, Tolima",3.75,-75.58333333,,,,,,
Charalá,CO68167,Charalá,6.25,-73.08333333,,,,,,
Charta,CO68169,Charta,7.283333333,-72.96666667,,,,,,
Chía,CO25175,"Chía, Cundinamarca",4.85,-74.05,,,,,,
Chigorodó,CO05172,Chigorodó,7.6675,-76.68083333,,,Chibolo,10.02611111,-74.62111111,
Chima,CO68176,Chima,6.35078,-73.37116,,,,,,
Chimá,CO23168,Chimá,9.15,-75.63333333,,,,,,
Chimichagua,CO20175,Chimichagua,9.25,-73.81666667,,,,,,
Chinácota,CO54172,Chinácota,7.616666667,-72.6,,,,,,
Chinavita,CO15172,Chinavita,5.166666667,-73.36722222,,,,,,
Chinchiná,CO17174,"Chinchiná, Caldas",4.9825,-75.60361111,,,,,,
Chinú,CO23182,Chinú,9.083333333,-75.33333333,,,,,,
Chipaque,CO25178,Chipaque,4.4425,-74.04138889,,,,,,
Chipatá,CO68179,"Chipatá, Santander",6.05,-73.63333333,,,,,,
Chiquinquirá,CO15176,Chiquinquirá,5.633333333,-73.75,,,,,,
Chíquiza,CO15232,Chíquiza,5.6,-73.48333333,,,,,,
Chiriguaná,CO20178,Chiriguaná,9.366666667,-73.6,,,,,,
Chiscas,CO15180,Chiscas,6.533333,-72.5,,,,,,
Chita,CO15183,"Chita, Boyacá",6.166666667,-72.41666667,,,,,,
Chitagá,CO54174,Chitagá,7.133333333,-72.66666667,,,,,,
Chitaraque,CO15185,Chitaraque,6.083333333,-73.36666667,,,,,,
Chivatá,CO15187,Chivatá,5.533333333,-73.26666667,,,,,,
Chivolo,CO47170,Chibolo,10.026111,-74.621111,,,,,,
Chivor,CO15236,Chivor,4.883333333,-73.36666667,,,,,,
Choachí,CO25181,Choachí,4.529722222,-73.92,,,,,,
Chocontá,CO25183,Chocontá,5.146666667,-73.6825,,,,,,
Cicuco,CO13188,Cicuco,9.266666667,-74.65,,,,,,
Ciénaga,CO47189,"Ciénaga, Magdalena",11.00694444,-74.25,,,,,,
Ciénaga de Oro,CO23189,Ciénaga de Oro,8.883333333,-75.61666667,,,,,,
Ciénega,CO15189,"Ciénega, Boyacá",11.006944,-74.25,,,,,,
Cimitarra,CO68190,Cimitarra,6.316666667,-73.95,,,,,,
Circasia,CO63190,"Circasia, Quindío",4.616666667,-75.63333333,,,,,,
Cisneros,CO05190,"Cisneros, Antioquia",6.538333333,-75.08861111,,,,,,
Ciudad Bolívar,CO05101,"Ciudad Bolívar, Antioquia",5.85,-76.03333333,,,,,,
Clemencia,CO13222,Clemencia,10.583333,-75.333333,,,,,,
Cocorná,CO05197,Cocorná,6.056944444,-75.18527778,,,,,,
Coello,CO73200,"Coello, Tolima",4.333333333,-74.91666667,,,,,,
Cogua,CO25200,Cogua,5.066666667,-73.98333333,,,,,,
Colombia,CO41206,Colombia,3.37778,-74.8078,,,,,,
Colón,CO52203,"Colón, Nariño",1.644166667,-77.01944444,,,,,,
Colón,CO86219,"Colón, Putumayo",1.190277778,-76.97388889,,,,,,
Colosó,CO70204,Colosó,9.5,-75.35,,,,,,
Cómbita,CO15204,Cómbita,5.75,-73.25,,,,,,
Concepción,CO05206,"Concepción, Antioquia",6.395,-75.25833333,,,,,,
Concepción,CO68207,"Concepción, Santander",6.771111,-72.698056,,,,,,
Concordia,CO05209,"Concordia, Antioquia",6.049,-75.909,,,,,,
Concordia,CO47205,"Concordia, Magdalena",10.2667,-74.8333,,,,,,
Condoto,CO27205,Condoto,5.1,-76.65,,,,,,
Confines,CO68209,Confines,6.416666667,-73.16666667,,,,,,
Consacá,CO52207,Consaca,1.2,-77.46666667,,,,,,
Contadero,CO52210,Contadero,0.91,-77.5506,,,,,,
Contratación,CO68211,Contratación,6.283333333,-73.48333333,,,,,,
Convención,CO54206,Convención,8.833333333,-73.2,,,,,,
Copacabana,CO05212,Copacabana,6.333333,-75.5,,,,,,
Coper,CO15212,"Coper, Boyacá",5.483333333,-74.05,,,,,,
Córdoba,CO13212,"Córdoba, Bolívar",9.586667,-74.827222,,,,,,
Córdoba,CO52215,"Córdoba, Nariño",0.855,-77.5211,,,,,,
Córdoba,CO63212,"Córdoba, Quindío",4.391111,-75.687778,,,,,,
Corinto,CO19212,"Corinto, Cauca",3.173888889,-76.25944444,,,,,,
Coromoro,CO68217,Coromoro,6.3,-73.03333333,,,,,,
Corozal,CO70215,"Corozal, Sucre",9.333333333,-75.25,,,,,,
Corrales,CO15215,"Corrales, Boyacá",5.866666667,-72.83333333,,,,,,
Cota,CO25214,"Cota, Cundinamarca",4.816666667,-74.1,,,,,,
Cotorra,CO23300,Cotorra,9.05,-75.8,,,,,,
Covarachía,CO15218,Covarachía,6.5,-72.75,,,,,,
Coveñas,CO70221,Coveñas,9.41667,-75.7,,,,,,
Coyaima,CO73217,Coyaima,3.833333333,-75.08333333,,,,,,
Cravo Norte,CO81220,Cravo Norte,6.3,-70.2,,,,,,
Cuaspud Carlosama,CO52224,Cuaspud,0.865833,-77.7294,,,,,,
Cubará,CO15223,Cubará,7.033333333,-72.06666667,,,,,,
Cubarral,CO50223,Cubarral,3.791863889,-73.84128333,,,,,,
Cucaita,CO15224,Cucaita,5.533333333,-73.45,,,,,,
Cucunubá,CO25224,Cucunubá,5.25,-73.76333333,,,,,,
Cucutilla,CO54223,Cucutilla,7.55,-72.78333333,,,,,,
Cuítiva,CO15226,Cuítiva,5.583333,-72.966667,,,,,,
Cumaral,CO50226,Cumaral,4.269444444,-73.48638889,,,,,,
Cumaribo,CO99773,Cumaribo,4.433333333,-69.8,,,,,,
Cumbal,CO52227,Cumbal,0.907777778,-77.79083333,,,,,,
Cumbitara,CO52233,Cumbitara,1.67694,-77.3253,,,,,,
Cunday,CO73226,Cunday,4.083333333,-74.66666667,,,,,,
Curillo,CO18205,Curillo,1.033333333,-75.91666667,,,,,,
Curití,CO68229,Curití,6.666666667,-73,,,,,,
Curumaní,CO20228,Curumaní,9.2,-73.55,,,,,,
Dabeiba,CO05234,Dabeiba,7,-76.25,,,,,,
Dagua,CO76233,Dagua,3.666666667,-76.7,,,,,,
Dibulla,CO44090,"Dibulla, La Guajira",11.26666667,-73.3,,,,,,
Distracción,CO44098,"Distracción, La Guajira",10.9,-72.88333333,,,,,,
Dolores,CO73236,"Dolores, Tolima",3.666666667,-74.75,,,,,,
Donmatías,CO05237,Don Matías,6.483333333,-75.43333333,,,,,,
Dosquebradas,CO66170,Dosquebradas,4.833333333,-75.68333333,,,,,,
Duitama,CO15238,Duitama,5.833333333,-73.01666667,,,,,,
Durania,CO54239,Durania,7.71722,-72.66,,,,,,
Ebéjico,CO05240,Ebéjico,6.333333333,-75.76666667,,,,,,
El Águila,CO76243,El Águila,4.916667,-76.083333,,,,,,
El Bagre,CO05250,El Bagre,7.594169444,-74.8119,,,,,,
El Banco,CO47245,El Banco,8.998333,-73.974722,,,,,,
El Cairo,CO76246,El Cairo,4.75,-76.25,,,,,,
El Calvario,CO50245,El Calvario,4.416666667,-73.66666667,,,,,,
El Cantón del San Pablo,CO27135,El Cantón de San Pablo,5.333333333,-76.73333333,,,,,,
El Carmen,CO54245,El Carmen de Norte de Santander,8.51278,-73.4508,,,,,,
El Carmen de Atrato,CO27245,El Carmen de Atrato,5.88778,-75.1642,,,,,,
El Carmen de Bolívar,CO13244,El Carmen de Bolívar,9.716666667,-75.13333333,,,,,,
El Carmen de Chucuri,CO68235,El Carmen de Chuchurí,6.69806,-73.5111,,,,,,
El Carmen de Viboral,CO05148,El Carmen de Viboral,6.083333333,-75.33333333,,,,,,
El Castillo,CO50251,"El Castillo, Meta",3.56806,-73.7839,,,,,,
El Cerrito,CO76248,"El Cerrito, Valle del Cauca",3.666666667,-76.16666667,,,,,,
El Charco,CO52250,El Charco,2.4775,-78.11111111,,,,,,
El Cocuy,CO15244,El Cocuy,6.416666667,-72.41666667,,,,,,
El Colegio,CO25245,El Colegio,4.580833333,-74.4425,,,,,,
El Copey,CO20238,El Copey,10.15,-73.96666667,,,,,,
El Doncello,CO18247,El Doncello,1.683333333,-75.28333333,,,,,,
El Dorado,CO50270,"El Dorado, Meta",3.74167,-73.8389,,,,,,
El Dovio,CO76250,El Dovio,4.516666667,-76.23333333,,,,,,
El Encanto,CO91263,El Encanto,-1.778888889,-73.21055556,,,,,,
El Espino,CO15248,"El Espino, Boyacá",6.583333333,-72.41666667,,,,,,
El Guacamayo,CO68245,El Guacamayo,6.333333333,-73.46666667,,,,,,
El Guamo,CO13248,El Guamo,10.08333333,-74.91666667,,,,,,
El Litoral del San Juan,CO27250,Litoral del San Juan,4.25861,-77.3675,,,,,,
El Molino,CO44110,"El Molino, La Guajira",10.6533,-72.9242,,,,,,
El Paso,CO20250,"El Paso, Cesar",9.66222,-73.7519,,,,,,
El Paujíl,CO18256,El Paujil,1.56444,-75.3319,,,,,,
El Peñol,CO52254,"El Peñol, Nariño",1.453611,-77.439722,,,,,,
El Peñón,CO13268,"El Peñón, Bolívar",8.988333333,-73.94944444,,,"El Peñol, Antioquia",6.218611111,-75.24333333,
El Peñón,CO25258,"El Peñón, Cundinamarca",5.251666667,-74.28611111,,,,,,
El Peñón,CO68250,"El Peñón, Santander",5.89222,-73.7403,,,,,,
El Piñón,CO47258,El Piñón,10.33333333,-74.66666667,,,,,,
El Playón,CO68255,"El Playón, Santander",7.47667,-73.2081,,,,,,
El Retén,CO47268,El Retén,10.6167,-74.2667,,,,,,
El Retorno,CO95025,El Retorno,2.33056,-72.6278,,,,,,
El Roble,CO70233,"El Roble, Sucre",9.1,-75.2,,,,,,
El Rosal,CO25260,"El Rosal, Cundinamarca",4.851944444,-74.26277778,,,,,,
El Rosario,CO52256,"El Rosario, Nariño",1.743055556,-77.33472222,,,,,,
El Santuario,CO05697,El Santuario,6.1375,-75.263889,,,,,,
El Tablón de Gómez,CO52258,El Tablón,1.426944444,-77.09694444,,,,,,
El Tambo,CO19256,"El Tambo, Cauca",2.45417,-76.8178,,,,,,
El Tambo,CO52260,"El Tambo, Nariño",1.41306,-77.3981,,,,,,
El Tarra,CO54250,El Tarra,8.0475,-73.0836,,,,,,
El Zulia,CO54261,El Zulia,7.933333333,-72.6,,,,,,
Elías,CO41244,Elías,2.016667,-75.933333,,,,,,
Encino,CO68264,"Encino, Santander",6.137777778,-73.09888889,,,,,,
Enciso,CO68266,"Enciso, Santander",6.75,-72.63333333,,,,,,
Entrerríos,CO05264,Entrerríos,6.566666667,-75.51666667,,,,,,
Envigado,CO05266,Envigado,6.166666667,-75.56666667,,,,,,
Espinal,CO73268,"El Espinal, Tolima",4.2,-74.83333333,,,,,,
Facatativá,CO25269,Facatativá,4.816666667,-74.36666667,,,,,,
Falan,CO73270,Falan,5.133333,-74.95,,,,,,
Filadelfia,CO17272,"Filadelfia, Caldas",5.3,-75.6,,,,,,
Filandia,CO63272,"Filandia, Quindío",4.666666667,-75.63333333,,,,,,
Firavitoba,CO15272,Firavitoba,5.65,-73,,,,,,
Flandes,CO73275,Flandes,4.283333333,-74.8,,,,,,
Florencia,CO18001,"Florencia, Caquetá",1.613888889,-75.61277778,,,,,,
Florencia,CO19290,"Florencia, Cauca",1.682222222,-77.07222222,,,,,,
Floresta,CO15276,"Floresta, Boyacá",5.916666667,-72.91666667,,,,,,
Florián,CO68271,Florián,5.80472,-73.9742,,,,,,
Florida,CO76275,"Florida, Valle del Cauca",3.3275,-76.23861111,,,,,,
Floridablanca,CO68276,"Floridablanca, Santander",7.216666667,-73.06666667,,,,,,
Fómeque,CO25279,Fómeque,4.484722222,-73.89361111,,,,,,
Fonseca,CO44279,"Fonseca, La Guajira",10.83333333,-72.83333333,,,,,,
Fortul,CO81300,Fortul,6.79222,-71.7756,,,,,,
Fosca,CO25281,"Fosca, Cundinamarca",4.333333333,-73.93333333,,,,,,
Francisco Pizarro,CO52520,"Francisco Pizarro, Nariño",2.1,-78.71666667,,,,,,
Fredonia,CO05282,"Fredonia, Antioquia",5.916666667,-75.66666667,,,,,,
Fresno,CO73283,"Fresno, Tolima",5.155555556,-75.04027778,,,,,,
Frontino,CO05284,"Frontino, Antioquia",6.783333333,-76.13333333,,,,,,
Fuente de Oro,CO50287,Fuente de Oro,3.466666667,-73.61666667,,,,,,
Fundación,CO47288,Fundación,10.5214,-74.1867,,,,,,
Funes,CO52287,"Funes, Nariño",1,-77.45,,,,,,
Funza,CO25286,Funza,4.716666667,-74.21666667,,,,,,
Fúquene,CO25288,Fúquene,5.405,-73.79583333,,,,,,
Fusagasugá,CO25290,Fusagasugá,4.345152778,-74.36182222,,,,,,
Gachalá,CO25293,Gachalá,4.693055556,-73.52,,,,,,
Gachancipá,CO25295,Gachancipá,4.990833333,-73.87305556,,,,,,
Gachantivá,CO15293,Gachantivá,5.75,-73.5,,,,,,
Gachetá,CO25297,Gachetá,4.817555556,-73.63602778,,,,,,
Galán,CO68296,"Galán, Santander",6.7,-73.3,,,,,,
Galapa,CO08296,Galapa,10.916667,-74.833333,,,,,,
Galeras,CO70235,"Galeras, Sucre",9.166666667,-75.05,,,,,,
Gama,CO25299,"Gama, Cundinamarca",4.762777778,-73.61083333,,,,,,
Gamarra,CO20295,"Gamarra, Cesar",8.333333333,-73.66666667,,,,,,
Gámbita,CO68298,Gámbita,6,-73.25,,,,,,
Gámeza,CO15296,Gámeza,5.8,-72.8,,,,,,
Garagoa,CO15299,Garagoa,5.083333,-73.366667,,,,,,
Garzón,CO41298,"Garzón, Huila",2.181944444,-75.65777778,,,,,,
Génova,CO63302,"Génova, Quindío",4.25,-75.66666667,,,,,,
Gigante,CO41306,"Gigante, Huila",2.38667,-75.5461,,,,,,
Ginebra,CO76306,"Ginebra, Valle del Cauca",3.75,-76.16666667,,,,,,
Giraldo,CO05306,"Giraldo, Antioquia",6.680277778,-75.95305556,,,,,,
Girardot,CO25307,"Girardot, Cundinamarca",4.305,-74.80166667,,,,,,
Girardota,CO05308,Girardota,6.376391667,-75.44728611,,,,,,
Girón,CO68307,Girón,7.070833,-73.173056,,,,,,
Gómez Plata,CO05310,Gómez Plata,6.683333333,-75.21666667,,,,,,
González,CO20310,"González, Cesar",8.4,-73.33333333,,,,,,
Gramalote,CO54313,Gramalote,7.9275,-72.75388889,,,,,,
Granada,CO05313,"Granada, Antioquia",6.147,-75.188,,,,,,
Granada,CO25312,"Granada, Cundinamarca",4.518611111,-74.35138889,,,,,,
Granada,CO50313,"Granada, Meta",3.33333,-73.8333,,,,,,
Guaca,CO68318,"Guaca, Santander",6.883333,-72.866667,,,,,,
Guacamayas,CO15317,"Guacamayas, Boyacá",6.5,-72.5,,,,,,
Guacarí,CO76318,Guacarí,3.766666667,-76.33333333,,,,,,
Guachené,CO19300,Guachené,3.133333333,-76.38333333,,,,,,
Guachetá,CO25317,Guachetá,5.385555556,-73.68555556,,,,,,
Guachucal,CO52317,Guachucal,0.966666667,-77.73333333,,,,,,
Guadalajara de Buga,CO76111,Buga,3.9,-76.3,,,,,,
Guadalupe,CO05315,"Guadalupe, Antioquia",6.8175,-75.24416667,,,,,,
Guadalupe,CO41319,"Guadalupe, Huila",2.025,-75.7572,,,,,,
Guadalupe,CO68320,"Guadalupe, Santander",6.247,-73.418,,,,,,
Guaduas,CO25320,Guaduas,5.069444444,-74.59805556,,,,,,
Guaitarilla,CO52320,Guaitarilla,1.13333,-77.5564,,,,,,
Gualmatán,CO52323,Gualmatán,0.919167,-77.5661,,,,,,
Guamal,CO47318,Guamal,9.14722,-74.23,,,,,,
Guamal,CO50318,"Guamal, Meta",3.88,-73.7656,,,,,,
Guamo,CO73319,Guamo,4.083333333,-74.91666667,,,,,,
Guapi,CO19318,"Guapi, Cauca",2.566666667,-77.88333333,,,,,,
Guapotá,CO68322,Guapotá,6.383333333,-73.25,,,,,,
Guaranda,CO70265,"Guaranda, Sucre",8.466666667,-75.53333333,,,,,,
Guarne,CO05318,Guarne,6.280011111,-75.44273333,,,,,,
Guasca,CO25322,Guasca,4.865833333,-73.87722222,,,,,,
Guatapé,CO05321,Guatapé,6.233333333,-75.16666667,,,,,,
Guataquí,CO25324,Guataquí,4.516944444,-74.79055556,,,,,,
Guatavita,CO25326,Guatavita,4.934444444,-73.83444444,,,,,,
Guateque,CO15322,Guateque,5.005555556,-73.47222222,,,,,,
Guática,CO66318,Guática,5.316666667,-75.8,,,,,,
Guavatá,CO68324,Guavatá,5.95,-73.7,,,,,,
Guayabal de Síquima,CO25328,Guayabal de Síquima,4.866666667,-74.46666667,,,,,,
Guayabetal,CO25335,Guayabetal,4.215277778,-73.81444444,,,,,,
Guayatá,CO15325,Guayatá,4.966666667,-73.48333333,,,,,,
Güepsa,CO68327,Güepsa,6.016666667,-73.56666667,,,,,,
Güicán de la Sierra,CO15332,Güicán,6.466666667,-72.41666667,,,,,,
Gutiérrez,CO25339,"Gutiérrez, Cundinamarca",4.25,-74,,,,,,
Hacarí,CO54344,Hacarí,8.316667,-73.15,,,,,,
Hatillo de Loba,CO13300,Hatillo de Loba,8.95861,-74.0808,,,,,,
Hato,CO68344,"Hato, Santander",6.583333333,-73.33333333,,,,,,
Hato Corozal,CO85125,Hato Corozal,3.183333333,-73.75,,,,,,
Hatonuevo,CO44378,Hatonuevo,11.0694,-72.7669,,,,,,
Heliconia,CO05347,"Heliconia, Antioquia",6.216666667,-75.73333333,,,,,,
Herrán,CO54347,Herrán,7.516666667,-72.48333333,,,,,,
Herveo,CO73347,Herveo,5.083333333,-75.16666667,,,,,,
Hispania,CO05353,"Hispania, Antioquia",5.803,-75.912,,,,,,
Hobo,CO41349,"Hobo, Huila",2.583333333,-75.45,,,,,,
Honda,CO73349,"Honda, Tolima",5.204166667,-74.74166667,,,,,,
Ibagué,CO73001,Ibagué,4.433333333,-75.23333333,,,,,,
Icononzo,CO73352,Icononzo,4.183333333,-74.53333333,,,,,,
Iles,CO52352,"Iles, Nariño",0.966666667,-77.51666667,,,,,,
Imués,CO52354,Imués,1.066666667,-77.5,,,,,,
Inírida,CO94001,"Inírida, Guainía",3.865277778,-67.92388889,,,,,,
Inzá,CO19355,Inzá,2.55,-76.066667,,,,,,
Ipiales,CO52356,Ipiales,0.830277778,-77.64444444,,,,,,
Íquira,CO41357,Iquira,2.65,-75.65,,,,,,
Isnos,CO41359,Isnos,1.933333333,-76.23333333,,,,,,
Istmina,CO27361,Istmina,5.166666667,-76.68333333,,,,,,
Itagüí,CO05360,Itagüí,6.166666667,-75.61666667,,,,,,
Ituango,CO05361,Ituango,7.166666667,-75.75,,,,,,
Iza,CO15362,"Iza, Boyacá",5.6,-72.98333333,,,,,,
Jambaló,CO19364,Jambaló,2.85,-76.316667,,,,,,
Jamundí,CO76364,Jamundí,3.266666667,-76.55,,,,,,
Jardín,CO05364,Jardín,5.598611111,-75.81944444,,,,,,
Jenesano,CO15367,Jenesano,5.383333333,-73.36666667,,,,,,
Jericó,CO05368,"Jericó, Antioquia",5.783333333,-75.78333333,,,,,,
Jericó,CO15368,"Jericó, Boyacá",6.14917,-72.555,,,,,,
Jerusalén,CO25368,"Jerusalén, Cundinamarca",4.563055556,-74.69527778,,,,,,
Jesús María,CO68368,"Jesus María, Santander",5.883333333,-73.78333333,,,,,,
Jordán,CO68370,"Jordán, Santander",6.75,-73.06666667,,,,,,
Juan de Acosta,CO08372,Juan de Acosta,10.83333333,-75.03333333,,,,,,
Junín,CO25372,"Junín, Cundinamarca",4.790277778,-73.81361111,,,,,,
Juradó,CO27372,Juradó,7.11139,-77.7714,,,,,,
La Apartada,CO23350,La Apartada,8.10056,-75.3825,,,,,,
La Argentina,CO41378,"La Argentina, Huila",2.19611,-75.98,,,,,,
La Belleza,CO68377,"La Calera, Cundinamarca",4.753055556,-73.92,,,,,,
La Calera,CO25377,La Candelaria,4.591722,-74.07413,,,,,,
La Capilla,CO15380,La Capilla,5.095555556,-73.44361111,,,,,,
La Ceja,CO05376,"La Ceja, Antioquia",6.030555556,-75.43166667,,,,,,
La Celia,CO66383,La Celia,5.001944444,-76.00388889,,,,,,
La Chorrera,CO91405,La Chorerra,-1.446944,-72.794444,,,,,,
La Cruz,CO52378,"La Cruz, Nariño",1.60472,-76.9742,,,,,,
La Cumbre,CO76377,"La Cumbre, Valle del Cauca",3.649631,-76.568356,,,,,,
La Dorada,CO17380,"La Dorada, Caldas",5.453838889,-74.664675,,,,,,
La Esperanza,CO54385,"La Esperanza, Norte de Santander",7.63917,-73.3358,,,,,,
La Estrella,CO05380,"La Estrella, Antioquia",6.166666667,-75.66666667,,,,,,
La Florida,CO52381,"La Florida, Nariño",1.30167,-77.4106,,,,,,
La Gloria,CO20383,"La Gloria, Cesar",8.583333333,-73.58333333,,,,,,
La Guadalupe,CO94885,La Guadalupe,1.246944444,-66.86444444,,,,,,
La Jagua de Ibirico,CO20400,"La Jagua de Ibirico, Cesar",9.566666667,-73.33333333,,,,,,
La Jagua del Pilar,CO44420,La Jagua del Pilar,10.51666667,-73.08333333,,,,,,
La Llanada,CO52385,La Llanada,1.47778,-77.5839,,,,,,
La Macarena,CO50350,"La Macarena, Meta",2.182777778,-73.78472222,,,,,,
La Merced,CO17388,"La Merced, Caldas",5.399444444,-75.54416667,,,,,,
La Mesa,CO25386,"La Mesa, Cundinamarca",4.630277778,-74.4625,,,,,,
La Montañita,CO18410,La Montañita,1.583333333,-75.25,,,,,,
La Palma,CO25394,"La Palma, Cundinamarca",5.360555556,-74.38972222,,,,,,
La Paz,CO20621,"La Paz, Cesar",10.383333,-73.166667,,,,,,
La Paz,CO68397,"La Paz, Santander",6.178056,-73.589444,,,,,,
La Pedrera,CO91407,"La Pedrera, Amazonas",-1.316666667,-69.56666667,,,,,,
La Peña,CO25398,"La Peña, Cundinamarca",5.199166667,-74.39361111,,,,,,
La Pintada,CO05390,"La Pintada, Antioquia",5.75,-75.6,,,,,,
La Plata,CO41396,"La Plata, Huila",2.39,-75.9075,,,,,,
La Playa,CO54398,La Playa de Belén,8.25,-73.16666667,,,,,,
La Primavera,CO99524,"La Primavera, Vichada",5.49056,-70.4092,,,,,,
La Salina,CO85136,La Salina,6.13056,-72.3378,,,,,,
La Sierra,CO19392,"La Sierra, Cauca",2.25,-76.83333333,,,,,,
La Tebaida,CO63401,"La Tebaida, Quindío",4.45,-75.8,,,,,,
La Tola,CO52390,La Tola,2.416666667,-78.25,,,,,,
La Unión,CO05400,"La Unión, Antioquia",5.973611111,-75.36138889,,,,,,
La Unión,CO52399,"La Unión, Nariño",1.6019,-77.1317,,,,,,
La Unión,CO70400,"La Unión, Sucre",8.86056,-75.2806,,,,,,
La Unión,CO76400,"La Unión, Valle del Cauca",3.653888889,-76.57222222,,,,,,
La Uvita,CO15403,La Uvita,6.333333333,-72.5,,,,,,
La Vega,CO19397,"La Vega, Cauca",2.000833333,-76.77777778,,,,,,
La Vega,CO25402,"La Vega, Cundinamarca",4.999166667,-74.34111111,,,,,,
La Victoria,CO15401,"La Victoria, Amazonas",4.521389,-76.036389,,,,,,
La Victoria,CO76403,"La Victoria, Boyacá",5.52278,-74.2328,,,,,,
La Victoria,CO91430,"La Victoria, Valle del Cauca",4.521388889,-76.03638889,,,,,,
La Virginia,CO66400,La Virginia,4.916666667,-75.83333333,,,,,,
Labateca,CO54377,Labateca,7.333333333,-72.5,,,,,,
Labranzagrande,CO15377,Labranzagrande,5.566666667,-72.56666667,,,,,,
Landázuri,CO68385,Landázuri,6.218055556,-73.81138889,,,,,,
Lebrija,CO68406,"Lebrija, Santander",7.416666667,-73.41666667,,,,,,
Leiva,CO52405,"Leiva, Nariño",1.9375,-77.3081,,,,,,
Lejanías,CO50400,Lejanías,3.526805556,-74.02322222,,,,,,
Lenguazaque,CO25407,Lenguazaque,5.306944444,-73.70611111,,,,,,
Lérida,CO73408,"Lérida, Tolima",4.9,-74.91666667,,,,,,
Leticia,CO91001,Leticia,-4.216667,-69.933333,,,,,,
Líbano,CO73411,"Líbano, Tolima",4.916666667,-75.16666667,,,,,,
Liborina,CO05411,Liborina,6.683333333,-75.81666667,,,,,,
Linares,CO52411,"Linares, Nariño",1.35,-77.53333333,,,,,,
Lloró,CO27413,Lloró,5.5,-76.53333333,,,,,,
López de Micay,CO19418,López de Micay,3,-77.25,,,,,,
Lorica,CO23417,Lorica,9.23167,-75.8197,,,,,,
Los Andes,CO52418,"Los Andes, Nariño",1.493333333,-77.52138889,,,,,,
Los Córdobas,CO23419,Los Córdobas,8.9,-76.36666667,,,,,,
Los Palmitos,CO70418,Los Palmitos,9.38111,-75.2714,,,,,,
Los Patios,CO54405,Los Patios,7.833333333,-72.51666667,,,,,,
Los Santos,CO68418,"Los Santos, Santander",10.38333333,-73.16666667,,,,,,
Lourdes,CO54418,"Lourdes, Norte de Santander",7.966666667,-72.83333333,,,,,,
Luruaco,CO08421,Luruaco,10.6083,-75.1417,,,,,,
Macanal,CO15425,Macanal,4.971944444,-73.31944444,,,,,,
Macaravita,CO68425,Macaravita,6.5,-72.6,,,,,,
Maceo,CO05425,"Maceo, Antioquia",6.55,-74.78333333,,,,,,
Machetá,CO25426,Machetá,5.080216667,-73.607475,,,,,,
Madrid,CO25430,"Madrid, Cundinamarca",4.734444444,-74.26833333,,,,,,
Magangué,CO13430,Magangué,9.25,-74.76666667,,,,,,
Magüí,CO52427,Magüí Payán,1.933333333,-78.2,,,,,,
Mahates,CO13433,Mahates,10.23333333,-75.18333333,,,,,,
Maicao,CO44430,Maicao,11.37777778,-72.23888889,,,,,,
Majagual,CO70429,"Majagual, Sucre",8.5,-74.66666667,,,,,,
Málaga,CO68432,"Málaga, Santander",6.783333333,-72.66666667,,,,,,
Malambo,CO08433,"Malambo, Atlántico",10.85,-74.75,,,,,,
Mallama,CO52435,Mallama,1.141111111,-77.86444444,,,,,,
Manatí,CO08436,"Manatí, Atlántico",10.445,-74.95972222,,,,,,
Manaure,CO44560,"Manaure, La Guajira",11.7792,-72.4494,,,,,,
Manaure Balcón del Cesar,CO20443,"Manaure, Cesar",11.78333333,-72.45,,,,,,
Maní,CO85139,"Maní, Casanare",4.816666667,-72.28333333,,,,,,
Manizales,CO17001,Manizales,5.1,-75.55,,,,,,
Manta,CO25436,"Manta, Cundinamarca",5.083333333,-73.58333333,,,,,,
Manzanares,CO17433,"Manzanares, Caldas",5.251944444,-75.15694444,,,,,,
Mapiripán,CO50325,Mapiripán,2.883333333,-72.13,,,,,,
Mapiripana,CO94663,Maripana,2.808056,-70.476111,,,,,,
Margarita,CO13440,"Margarita, Bolívar",9.083333333,-74.2,,,,,,
María La Baja,CO13442,María La Baja,10,-75.33333333,,,,,,
Marinilla,CO05440,Marinilla,6.173802778,-75.33472222,,,,,,
Maripí,CO15442,Maripí,5.55,-74.01666667,,,,,,
Marmato,CO17442,"Marmato, Caldas",5.5,-75.58333333,,,,,,
Marquetalia,CO17444,"Marquetalia, Caldas",5.333333333,-75,,,,,,
Marsella,CO66440,Marsella,4.916666667,-75.75,,,,,,
Marulanda,CO17446,"Marulanda, Caldas",5.283333333,-75.26666667,,,,,,
Matanza,CO68444,"Matanza, Santander",7.416666667,-73.08333333,,,,,,
Medellín,CO05001,Medellín,6.230833333,-75.59055556,,,,,,
Medina,CO25438,"Medina, Cundinamarca",4.509166667,-73.34944444,,,,,,
Medio Atrato,CO27425,Medio Atrato,5.995,-76.7825,,,,,,
Medio Baudó,CO27430,Medio Baudó,5.05,-77.05,,,,,,
Medio San Juan,CO27450,Medio San Juan,5.1,-76.6833,,,,,,
Melgar,CO73449,"Melgar, Tolima",4.203888889,-74.64277778,,,,,,
Mercaderes,CO19450,"Mercaderes, Cauca",1.8,-77.16666667,,,,,,
Mesetas,CO50330,Mesetas,3.37806,-74.0447,,,,,,
Milán,CO18460,"Milán, Caquetá",1.289166667,-75.50638889,,,,,,
Miraflores,CO15455,"Miraflores, Boyacá",5.196388889,-73.14444444,,,,,,
Miraflores,CO95200,"Miraflores, Guaviare",1.33667,-71.9511,,,,,,
Miranda,CO19455,"Miranda, Cauca",3.25,-76.25,,,,,,
Mirití - Paraná,CO91460,Mirití-Paraná,-0.883333333,-70.98361111,,,,,,
Mistrató,CO66456,Mistrató,5.3,-75.88333333,,,,,,
Mitú,CO97001,Mitú,1.198333333,-70.17333333,,,,,,
Mocoa,CO86001,Mocoa,1.15,-76.6475,,,,,,
Mogotes,CO68464,Mogotes,6.483333333,-72.96666667,,,,,,
Molagavita,CO68468,Molagavita,6.683333333,-72.81666667,,,,,,
Momil,CO23464,Momil,9.233333333,-75.68333333,,,,,,
Mompós,CO13468,Santa Cruz de Mompox,9.233333,-74.416667,,,,,,
Mongua,CO15464,Mongua,5.75,-72.8,,,,,,
Monguí,CO15466,Monguí,5.75,-72.83333333,,,,,,
Moniquirá,CO15469,Moniquirá,5.916666667,-73.5,,,,,,
Moñitos,CO23500,Moñitos,9.25028,-76.1325,,,,,,
Montebello,CO05467,"Montebello, Antioquia",5.916666667,-75.5,,,,,,
Montecristo,CO13458,"Montecristo, Bolívar",8.29944,-74.4756,,,,,,
Montelíbano,CO23466,Montelíbano,7.975,-75.42083333,,,,,,
Montenegro,CO63470,"Montenegro, Quindío",4.56714,-75.75038,,,,,,
Montería,CO23001,Montería,8.75,-75.88333333,,,,,,
Monterrey,CO85162,"Monterrey, Casanare",4.87833,-72.8972,,,,,,
Morales,CO13473,"Morales, Bolívar",8.31333,-73.8719,,,,,,
Morales,CO19473,"Morales, Cauca",2.76028,-76.6339,,,,,,
Morelia,CO18479,"Morelia, Caquetá",1.4875,-75.725,,,,,,
Morichal,CO94888,Morichal Nuevo,2.21667,-70.0333,,,,,,
Morroa,CO70473,Morroa,9.333333333,-75.31,,,,,,
Mosquera,CO25473,"Mosquera, Cundinamarca",4.707777778,-74.23277778,,,,,,
Mosquera,CO52473,"Mosquera, Nariño",2.49028,-78.4953,,,,,,
Motavita,CO15476,Motavita,5.577222222,-73.36722222,,,,,,
Murillo,CO73461,"Murillo, Tolima",4.874,-75.171,,,,,,
Murindó,CO05475,Murindó,6.8,-76.8,,,,,,
Mutatá,CO05480,Mutatá,7.244166667,-76.43583333,,,,,,
Mutiscua,CO54480,Mutiscua,7.333333333,-72.71666667,,,,,,
Muzo,CO15480,Muzo,5.531333333,-74.10727778,,,,,,
Nariño,CO05483,"Nariño, Antioquia",5.609166667,-75.17638889,,,,,,
Nariño,CO25483,"Nariño, Cundinamarca",4.398055556,-74.82805556,,,,,,
Nariño,CO52480,"Nariño, Nariño",1.26667,-77.3667,,,,,,
Nátaga,CO41483,Nátaga,2.55,-75.833333,,,,,,
Natagaima,CO73483,Natagaima,3.583333333,-75.08333333,,,,,,
Nechí,CO05495,Nechí,8.1,-74.78333333,,,,,,
Necoclí,CO05490,Necoclí,8.416666667,-76.78333333,,,,,,
Neira,CO17486,"Neira, Caldas",5.166388889,-75.51888889,,,,,,
Neiva,CO41001,"Neiva, Huila",2.934483333,-75.2809,,,,,,
Nemocón,CO25486,Nemocón,5.05,-73.88333333,,,,,,
Nilo,CO25488,"Nilo, Cundinamarca",4.306944444,-74.62,,,,,,
Nimaima,CO25489,Nimaima,5.126111111,-74.38583333,,,,,,
Nobsa,CO15491,Nobsa,5.766666667,-72.95,,,,,,
Nocaima,CO25491,Nocaima,5.070277778,-74.37805556,,,,,,
Norcasia,CO17495,"Norcasia, Caldas",5.56667,-74.8833,,,,,,
Norosí,CO13490,Norosí,8.526111111,-74.03777778,,,,,,
Nóvita,CO27491,Nóvita,4.95,-76.61666667,,,,,,
Nueva Granada,CO47460,"Nueva Granada, Magdalena",9.80306,-74.3903,,,,,,
Nuevo Colón,CO15494,Nuevo Colón,5.35,-73.466667,,,,,,
Nunchía,CO85225,Nunchía,5.633333333,-72.2,,,,,,
Nuquí,CO27495,Nuquí,5.716666667,-77.26666667,,,,,,
Obando,CO76497,"Obando, Valle del Cauca",4.583333333,-75.91666667,,,,,,
Ocamonte,CO68498,Ocamonte,6.333333333,-73.11666667,,,,,,
Ocaña,CO54498,"Ocaña, Norte de Santander",8.233333333,-73.35,,,,,,
Oiba,CO68500,Oiba,6.266666667,-73.3,,,,,,
Oicatá,CO15500,Oicatá,5.583333333,-73.31666667,,,,,,
Olaya,CO05501,"Olaya, Antioquia",6.63,-75.817,,,,,,
Olaya Herrera,CO52490,Olaya Herrera,2.346944,-78.325556,,,,,,
Onzaga,CO68502,Onzaga,6.35,-72.81666667,,,,,,
Oporapa,CO41503,Oporapa,2.05,-75.96666667,,,,,,
Orito,CO86320,Orito,0.666111111,-76.87083333,,,,,,
Orocué,CO85230,Orocué,4.79417,-71.34,,,,,,
Ortega,CO73504,"Ortega, Tolima",3.916666667,-75.25,,,,,,
Ospina,CO52506,Ospina,1.058055556,-77.56638889,,,,,,
Otanche,CO15507,Otanche,5.75,-74.25,,,,,,
Ovejas,CO70508,Ovejas,9.5,-75.16666667,,,,,,
Pachavita,CO15511,Pachavita,5.133333333,-73.4,,,,,,
Pacho,CO25513,Pacho,5.130555556,-74.15833333,,,,,,
Pacoa,CO97511,Pacoa,0.021388889,-71.00555556,,,,,,
Pácora,CO17513,"Pácora, Caldas",5.525833333,-75.45888889,,,,,,
Padilla,CO19513,"Padilla, Cauca",3.233333333,-76.31666667,,,,,,
Páez,CO15514,"Páez, Boyacá",5.1,-73.0556,,,,,,
Páez,CO19517,"Páez, Cauca",2.65,-75.9928,,,,,,
Paicol,CO41518,Paicol,2.45,-75.773889,,,,,,
Pailitas,CO20517,Pailitas,8.966666667,-73.63333333,,,,,,
Paime,CO25518,Paime,5.366666667,-74.15,,,,,,
Paipa,CO15516,Paipa,5.833333,-73.15,,,,,,
Pajarito,CO15518,"Pajarito, Boyacá",5.416666667,-72.66666667,,,,,,
Palermo,CO41524,"Palermo, Huila",2.891666667,-75.4375,,,,,,
Palestina,CO17524,"Palestina, Caldas",5.083333333,-75.66666667,,,,,,
Palestina,CO41530,"Palestina, Huila",1.75,-76.0667,,,,,,
Palmar,CO68522,"Palmar, Santander",6.583333333,-73.25,,,,,,
Palmar de Varela,CO08520,Palmar de Varela,10.75,-74.75,,,,,,
Palmas del Socorro,CO68524,Palmas del Socorro,6.407219,-73.2883,,,,,,
Palmira,CO76520,"Palmira, Valle del Cauca",3.583333333,-76.25,,,,,,
Palmito,CO70523,"Palmito, Sucre",9.333333333,-75.55,,,,,,
Palocabildo,CO73520,Palocabildo,5.13333,-75.0333,,,,,,
Pamplona,CO54518,"Pamplona, Norte de Santander",7.378055556,-72.6525,,,,,,
Pamplonita,CO54520,Pamplonita,7.5,-72.58333333,,,,,,
Pana Pana,CO94887,Pana Pana,1.85,-69,,,,,,
Pandi,CO25524,"Pandi, Cundinamarca",4.183333333,-74.48333333,,,,,,
Panqueba,CO15522,Panqueba,6.433333333,-72.46666667,,,,,,
Papunahua,CO97777,Papunahua,1.941944444,-70.54111111,,,,,,
Páramo,CO68533,"Páramo, Santander",6.5,-73.13333333,,,,,,
Paratebueno,CO25530,Paratebueno,4.375277778,-73.21305556,,,,,,
Pasca,CO25535,Pasca,4.3075,-74.30083333,,,,,,
Pasto,CO52001,Pasto,1.207778,-77.277222,,,,,,
Patía,CO19532,"Patía, Cauca",2.166666667,-77.08333333,,,,,,
Pauna,CO15531,Pauna,5.666666667,-73.98333333,,,,,,
Paya,CO15533,"Paya, Boyacá",5.633333333,-72.43333333,,,,,,
Paz de Ariporo,CO85250,Paz de Ariporo,5.883333333,-71.9,,,,,,
Paz de Río,CO15537,Paz de Río,5.983333333,-72.75,,,,,,
Pedraza,CO47541,"Pedraza, Magdalena",10.18333333,-74.91666667,,,,,,
Pelaya,CO20550,Pelaya,8.68,-73.66666667,,,,,,
Peñol,CO05541,Guatapé,6.23,-75.166667,,,,,,
Pensilvania,CO17541,"Pensilvania, Caldas",5.5,-75.08333333,,,,,,
Peque,CO05543,"Peque, Antioquia",7.016666667,-75.91666667,,,,,,
Pereira,CO66001,Pereira,4.814278,-75.694558,,,,,,
Pesca,CO15542,Pesca,5.583333333,-73.05,,,,,,
Piamonte,CO19533,Piamonte,1.1158,-76.3261,,,,,,
Piedecuesta,CO68547,Piedecuesta,7.083333333,-73,,,,,,
Piedras,CO73547,Piedras,4.5,-74.91666667,,,,,,
Piendamó - Tunía,CO19548,"Piendamó, Cauca",2.640805556,-76.52838889,,,,,,
Pijao,CO63548,"Pijao, Quindío",4.333333333,-75.7,,,,,,
Pijiño del Carmen,CO47545,Pijiño,9.333333333,-74.45,,,,,,
Pinchote,CO68549,Pinchote,6.533333333,-73.18333333,,,,,,
Pinillos,CO13549,Pinillos,8.916666667,-74.46666667,,,,,,
Piojó,CO08549,Piojó,10.75,-75.11666667,,,,,,
Pisba,CO15550,Pisba,5.716667,-72.483333,,,,,,
Pital,CO41548,"Pital, Huila",2.987,-75.826,,,,,,
Pitalito,CO41551,Pitalito,1.898913889,-76.04186944,,,,,,
Pivijay,CO47551,Pivijay,10.46666667,-74.61666667,,,,,,
Planadas,CO73555,Planadas,3.19698,-75.64506,,,,,,
Planeta Rica,CO23555,Planeta Rica,8.408888889,-75.58194444,,,,,,
Plato,CO47555,"Plato, Magdalena",9.791944444,-74.78722222,,,,,,
Policarpa,CO52540,"Policarpa, Nariño",1.633333333,-77.46666667,,,,,,
Polonuevo,CO08558,Polonuevo,10.78333333,-74.86666667,,,,,,
Ponedera,CO08560,Ponedera,10.65,-74.75,,,,,,
Popayán,CO19001,Popayán,2.454166667,-76.60916667,,,,,,
Pore,CO85263,"Pore, Casanare",5.72722,-71.9947,,,,,,
Potosí,CO52560,"Potosí, Nariño",0.808055556,-77.57277778,,,,,,
Pradera,CO76563,Pradera,3.416666667,-76.16666667,,,,,,
Prado,CO73563,"Prado, Tolima",3.75,-74.83333333,,,,,,
Providencia,CO88564,"Providencia, Nariño",1.238888889,-77.5975,,,,,,
Pueblo Bello,CO20570,Pueblo Bello,10.41666667,-73.583,,,,,,
Pueblo Nuevo,CO23570,"Pueblo Nuevo, Córdoba",8.50083,-75.5072,,,,,,
Pueblo Rico,CO66572,"Pueblo Rico, Risaralda",5.25,-76.16666667,,,,,,
Pueblorrico,CO05576,Pueblorrico,5.8,-75.85,,,,,,
Puebloviejo,CO47570,"Pueblo Viejo, Magdalena",10.9972,-74.2875,,,,,,
Puente Nacional,CO68572,"Puente Nacional, Santander",5.883333333,-73.68333333,,,,,,
Puerres,CO52573,Puerres,0.881666667,-77.50805556,,,,,,
Puerto Alegría,CO91530,Puerto Alegría,-1.033333333,-74.03333333,,,,,,
Puerto Arica,CO91536,Puerto Arica,-2.148055556,-71.75333333,,,,,,
Puerto Asís,CO86568,Puerto Asís,0.516666667,-76.5,,,,,,
Puerto Berrío,CO05579,Puerto Berrío,6.49,-74.4025,,,,,,
Puerto Boyacá,CO15572,Puerto Boyacá,6,-74.41666667,,,,,,
Puerto Caicedo,CO86569,Puerto Caicedo,0.685,-76.60444444,,,,,,
Puerto Carreño,CO99001,Puerto Carreño,6.183333333,-67.46666667,,,,,,
Puerto Colombia,CO08573,"Puerto Colombia,_Guainía",2.683333333,-72.76666667,,,,,,
Puerto Colombia,CO94884,"Puerto Colombia,_Magdalena",11.016667,-74.883333,,,,,,
Puerto Concordia,CO50450,Puerto Concordia,2.683333,-72.766667,,,,,,
Puerto Escondido,CO23574,"Puerto Escondido, Córdoba",8.95,-76.25,,,,,,
Puerto Gaitán,CO50568,Puerto Gaitán,4.31417,-72.0825,,,,,,
Puerto Guzmán,CO86571,Puerto Guzmán,0.966666667,-76.58333333,,,,,,
Puerto Leguízamo,CO86573,Puerto Leguízamo,-0.193888889,-74.78055556,,,,,,
Puerto Libertador,CO23580,Puerto Libertador,7.90667,-75.6733,,,,,,
Puerto Lleras,CO50577,Puerto Lleras,3.269444444,-73.375,,,,,,
Puerto López,CO50573,"Puerto López, Meta",4.083333333,-72.96666667,,,,,,
Puerto Nare,CO05585,Puerto Nare,6.19167,-74.5867,,,,,,
Puerto Nariño,CO91540,Puerto Nariño,-3.773333333,-70.38194444,,,,,,
Puerto Parra,CO68573,Puerto Parra,6.65,-74.06666667,,,,,,
Puerto Rico,CO18592,"Puerto Rico, Caquetá",1.91417,-75.145,,,,,,
Puerto Rico,CO50590,"Puerto Rico, Meta",2.938333333,-73.20833333,,,,,,
Puerto Rondón,CO81591,Puerto Rondón,6.283333333,-71.1,,,,,,
Puerto Salgar,CO25572,Puerto Salgar,5.5,-74.58333333,,,,,,
Puerto Santander,CO54553,"Puerto Santander, Norte de Santander",8.36361,-72.4075,,,,,,
Puerto Santander,CO91669,"Puerto Santander, Amazonas",-0.619166667,-72.38333333,,,,,,
Puerto Tejada,CO19573,"Puerto Tejada, Cauca",3.25,-76.41666667,,,,,,
Puerto Triunfo,CO05591,Puerto Triunfo,5.866666667,-74.65,,,,,,
Puerto Wilches,CO68575,Puerto Wilches,7.35,-73.9,,,,,,
Pulí,CO25580,"Pulí, Cundinamarca",4.683333333,-74.71666667,,,,,,
Pupiales,CO52585,Pupiales,0.866666667,-77.65,,,,,,
Puracé,CO19585,Puracé,2.25,-76.416667,,,,,,
Purificación,CO73585,"Purificación, Tolima",3.866666667,-74.93333333,,,,,,
Purísima de la Concepción,CO23586,Purísima,9.233333333,-75.73333333,,,,,,
Quebradanegra,CO25592,Quebradanegra,5.117777778,-74.47916667,,,,,,
Quetame,CO25594,Quetame,4.33,-73.86277778,,,,,,
Quibdó,CO27001,Quibdó,5.69,-76.65805556,,,,,,
Quimbaya,CO63594,"Quimbaya, Quindío",4.63,-75.75,,,,,,
Quinchía,CO66594,Quinchía,5.33785,-75.72964722,,,,,,
Quípama,CO15580,Quípama,5.516666667,-74.18333333,,,,,,
Quipile,CO25596,Quipile,4.743333333,-74.56666667,,,,,,
Ragonvalia,CO54599,Ragonvalia,7.583333333,-72.48333333,,,,,,
Ramiriquí,CO15599,Ramiriquí,5.4,-73.33,,,,,,
Ráquira,CO15600,Ráquira,5.533333333,-73.63333333,,,,,,
Recetor,CO85279,Recetor,5.233333333,-72.76666667,,,,,,
Regidor,CO13580,Regidor,8.666667,-73.833333,,,,,,
Remedios,CO05604,"Remedios, Antioquia",7.0275,-74.69388889,,,,,,
Remolino,CO47605,Remolino,10.66666667,-74.58333333,,,,,,
Repelón,CO08606,Repelón,10.55,-75.13333333,,,,,,
Restrepo,CO50606,"Restrepo, Meta",4.25,-73.5667,,,,,,
Restrepo,CO76606,"Restrepo, Valle del Cauca",3.825,-76.525,,,,,,
Retiro,CO05607,"Retiro, Antioquia",6.057222222,-75.5025,,,,,,
Ricaurte,CO25612,"Ricaurte, Cundinamarca",4.279166667,-74.77277778,,,,,,
Ricaurte,CO52612,"Ricaurte, Nariño",1.210833333,-77.99333333,,,,,,
Río de Oro,CO20614,"Río de Oro, Cesar",8,-73.5,,,,,,
Río Iró,CO27580,Río Iró,5.18333,-76.4833,,,,,,
Río Quito,CO27600,Río Quito,5.482777778,-76.73972222,,,,,,
Río Viejo,CO13600,Río Viejo,8.59,-73.8436,,,,,,
Rioblanco,CO73616,Rioblanco,3.5,-75.83333333,,,,,,
Riofrío,CO76616,"Riofrío, Valle del Cauca",4.156111111,-76.28777778,,,,,,
Riohacha,CO44001,Riohacha Municipality,11.544167,-72.9,,,,,,
Rionegro,CO05615,Rionegro,6.153547222,-75.37425,,,,,,
Rionegro,CO68615,"Rionegro, Santander",7.15361,-73.1536,,,,,,
Riosucio,CO17614,"Riosucio, Caldas",5.420833333,-75.7025,,,,,,
Riosucio,CO27615,"Riosucio, Chocó",7.44056,-77.1189,,,,,,
Risaralda,CO17616,"Risaralda, Caldas",5.166666667,-75.75,,,,,,
Rivera,CO41615,"Rivera, Huila",2.78528,-75.2589,,,,,,
Roberto Payán,CO52621,Roberto Payán,1.7,-78.24527778,,,,,,
Roldanillo,CO76622,Roldanillo,4.416,-76.15,,,,,,
Roncesvalles,CO73622,"Roncesvalles, Tolima",4.02,-75.6,,,,,,
Rondón,CO15621,"Rondón, Boyacá",5.356667,-73.208611,,,,,,
Rosas,CO19622,"Rosas, Cauca",2.266666667,-76.75,,,,,,
Rovira,CO73624,"Rovira, Tolima",4.25,-75.33333333,,,,,,
Sabana de Torres,CO68655,Sabana de Torres,7.4,-73.5,,,,,,
Sabanagrande,CO08634,"Sabanagrande, Atlántico",10.8,-74.75,,,,,,
Sabanalarga,CO05628,"Sabanalarga, Antioquia",6.853,-75.821,,,,,,
Sabanalarga,CO08638,"Sabanalarga, Atlántico",6.85,-75.81666667,,,,,,
Sabanalarga,CO85300,"Sabanalarga, Casanare",4.85361,-73.0431,,,,,,
Sabanas de San Ángel,CO47660,Sabanas de San Ángel,10.0333,-74.2167,,,,,,
Sabaneta,CO05631,"Sabaneta, Antioquia",6.15,-75.6,,,,,,
Saboyá,CO15632,Saboyá,5.7,-73.76666667,,,,,,
Sácama,CO85315,Sácama,6.1,-72.25,,,,,,
Sáchica,CO15638,Sáchica,5.583333333,-73.55,,,,,,
Sahagún,CO23660,"Sahagún, Córdoba",8.95,-75.45,,,,,,
Saladoblanco,CO41660,Saladoblanco,2.016666667,-76.05,,,,,,
Salamina,CO17653,"Salamina, Caldas",5.40833,-75.49,,,,,,
Salamina,CO47675,"Salamina, Magdalena",10.4933,-74.7983,,,,,,
Salazar,CO54660,Salazar de las Palmas,7.773611111,-72.81222222,,,,,,
Saldaña,CO73671,Saldaña,3.93472,-75.0203,,,,,,
Salento,CO63690,"Salento, Quindío",4.633333333,-75.56666667,,,,,,
Salgar,CO05642,Salgar,5.961666667,-75.97527778,,,,,,
Samacá,CO15646,Samacá,5.5,-73.48333333,,,,,,
Samaná,CO17662,"Samaná, Caldas",5.583333333,-74.91666667,,,,,,
Samaniego,CO52678,"Samaniego, Nariño",1.35,-77.6,,,,,,
Sampués,CO70670,Sampués,9.183333333,-75.38333333,,,,,,
San Agustín,CO41668,"San Agustín, Huila",1.9,-76.28333333,,,,,,
San Alberto,CO20710,"San Alberto, Cesar",7.7525,-73.3892,,,,,,
San Andrés,CO68669,"San Andrés, San Andrés y Providencia",6.81278,-72.8536,,,,,,
San Andrés de Cuerquía,CO05647,San Andrés de Cuerquia,6.914444444,-75.67583333,,,,,,
San Andrés de Sotavento,CO23670,San Andrés de Sotavento,9.15,-75.5,,,,,,
San Andrés de Tumaco,CO52835,Tumaco,1.806667,-78.764722,,,,,,
San Antero,CO23672,San Antero,9.383333333,-75.75,,,,,,
San Antonio,CO73675,"San Antonio, Tolima",3.916666667,-75.5,,,,,,
San Antonio del Tequendama,CO25645,San Antonio del Tequendama,4.632777778,-74.35222222,,,,,,
San Benito,CO68673,"San Benito, Santander",8.933333,-75.033333,,,,,,
San Benito Abad,CO70678,San Benito Abad,8.933333333,-75.03333333,,,,,,
San Bernardo,CO25649,"San Bernardo, Cundinamarca",4.178888889,-74.42222222,,,,,,
San Bernardo,CO52685,"San Bernardo, Nariño",1.510833333,-77.04666667,,,,,,
San Bernardo del Viento,CO23675,San Bernardo del Viento,9.35,-75.95,,,,,,
San Calixto,CO54670,San Calixto,8.4,-73.21666667,,,,,,
San Carlos,CO05649,San Carlos de Guaroa,6.18972,-74.9969,,,,,,
San Carlos,CO23678,"San Carlos, Antioquia",6.18972,-74.9969,,,,,,
San Carlos de Guaroa,CO50680,"San Carlos, Córdoba",8.80056,-75.7022,,,,,,
San Cayetano,CO25653,"San Cayetano, Cundinamarca",5.332222222,-74.02555556,,,,,,
San Cayetano,CO54673,"San Cayetano, Norte de Santander",7.88028,-72.6278,,,,,,
San Cristóbal,CO13620,"San Cristóbal, Bolívar",9.88333,-75.25,,,,,,
San Diego,CO20750,"San Diego, Cesar",10.3375,-73.1825,,,,,,
San Eduardo,CO15660,"San Eduardo, Boyacá",5.2225,-73.07694444,,,,,,
San Estanislao,CO13647,"San Estanislao, Bolívar",10.4,-75.15,,,,,,
San Felipe,CO94883,"San Felipe, Guainía",2.90556,-67.0856,,,,,,
San Fernando,CO13650,"San Fernando, Bolívar",9.279722222,-74.53388889,,,,,,
San Francisco,CO05652,"San Francisco, Antioquia",5.964166667,-75.10166667,,,,,,
San Francisco,CO25658,"San Francisco, Cundinamarca",4.971111111,-74.28916667,,,,,,
San Francisco,CO86755,"San Francisco, Putumayo",1.174722222,-76.87972222,,,,,,
San Gil,CO68679,San Gil,6.559166667,-73.135,,,,,,
San Jacinto,CO13654,"San Jacinto, Bolívar",9.831111,-75.121944,,,,,,
San Jacinto del Cauca,CO13655,San Jacinto del Cauca,8.25,-74.7167,,,,,,
San Jerónimo,CO05656,"San Jerónimo, Antioquia",6.441666667,-75.72777778,,,,,,
San Joaquín,CO68682,"San Joaquín, Santander",6.428,-72.868,,,,,,
San José,CO17665,"San José, Caldas",5.09,-75.79,,,,,,
San José de Cúcuta,CO54001,Cúcuta,7.894166667,-72.50388889,,,,,,
San José de la Montaña,CO05658,San José de la Montaña,7.583333333,-72.71666667,,,,,,
San José de Miranda,CO68684,San José de Miranda,6.658888889,-72.73305556,,,,,,
San José de Pare,CO15664,San José de Pare,6.016666667,-73.55,,,,,,
San José de Toluviejo,CO70823,Toluviejo,9.45,-75.45,,,,,,
San José de Uré,CO23682,San José de Uré,7.783333333,-75.53333333,,,,,,
San José del Fragua,CO18610,San Jose del Fragua,1.328611,-75.972778,,,,,,
San José del Guaviare,CO95001,San José del Guaviare,2.566666667,-72.63333333,,,,,,
San José del Palmar,CO27660,San José de Palmar,4.966667,-76.233333,,,,,,
San Juan de Arama,CO50683,San Juan de Arama,3.373611,-73.876667,,,,,,
San Juan de Betulia,CO70702,San Juan Betulia,9.27556,-75.2456,,,,,,
San Juan de Rioseco,CO25662,San Juan de Rioseco,4.848611111,-74.62055556,,,,,,
San Juan de Urabá,CO05659,San Juan de Urabá,8.766666667,-76.53333333,,,,,,
San Juan del Cesar,CO44650,San Juan del Cesar,10.76666667,-73,,,,,,
San Juan Nepomuceno,CO13657,"San Juan Nepomuceno, Bolívar",9.95,-75.08333333,,,,,,
San Juanito,CO50686,"San Juanito, Meta",4.45861,-73.6731,,,,,,
San Lorenzo,CO52687,"San Lorenzo, Nariño",1.50389,-77.2178,,,,,,
San Luis,CO05660,"San Luis, Antioquia",6.042222222,-74.99333333,,,,,,
San Luis,CO73678,"San Luis, Tolima",4.13611,-75.0994,,,,,,
San Luis de Gaceno,CO15667,San Luis de Gaceno,4.820163889,-73.16841667,,,,,,
San Luis de Palenque,CO85325,San Luis de Palenque,5.416666667,-71.73333333,,,,,,
San Luis de Sincé,CO70742,Sincé,9.25,-75.15,,,,,,
San Marcos,CO70708,"San Marcos, Sucre",8.661111111,-75.13472222,,,,,,
San Martín,CO20770,San Martín de Loba,8.833333333,-73.91666667,,,,,,
San Martín,CO50689,"San Martín, Cesar",8.047222222,-73.51527778,,,,,,
San Martín de Loba,CO13667,"San Martín, Meta",3.69444,-73.6936,,,,,,
San Mateo,CO15673,"San Mateo, Boyacá",6.4025,-72.555,,,,,,
San Miguel,CO68686,San Miguel de Sema,5.55,-73.75,,,,,,
San Miguel,CO86757,"San Miguel, Putumayo",0.343611111,-76.91083333,,,,,,
San Miguel de Sema,CO15676,"San Miguel, Santander",6.576111111,-72.64583333,,,,,,
San Onofre,CO70713,"San Onofre, Sucre",9.733333333,-75.53333333,,,,,,
San Pablo,CO13670,"San Pablo, Nariño",7.4825,-73.925,,,,,,
San Pablo,CO52693,"San Pablo, Bolívar",1.6725,-77.0139,,,,,,
San Pablo de Borbur,CO15681,San Pablo de Borbur,5.75,-74.08333333,,,,,,
San Pedro,CO70717,"San Pedro, Sucre",8.73333,-74.7167,,,,,,
San Pedro,CO76670,"San Pedro, Valle del Cauca",4,-76.2292,,,,,,
San Pedro de Cartago,CO52694,San Pedro de Cartago,1.566666667,-77.11666667,,,,,,
San Pedro de los Milagros,CO05664,San Pedro de los Milagros,6.45,-75.55,,,,,,
San Pedro de Urabá,CO05665,San Pedro de Urabá,8.283333333,-76.38333333,,,,,,
San Pelayo,CO23686,San Pelayo,8.966667,-75.85,,,,,,
San Rafael,CO05667,"San Rafael, Antioquia",6.2975,-75.0314,,,,,,
San Roque,CO05670,"San Roque, Antioquia",6.485277778,-75,,,,,,
San Sebastián,CO19693,"San Sebastián, Cauca",1.843889,-76.771667,,,,,,
San Sebastián de Buenavista,CO47692,San Sebastián de Buenavista,9.240277778,-74.35555556,,,,,,
San Sebastián de Mariquita,CO73443,"Mariquita, Tolima",5.25,-74.91666667,,,,,,
San Vicente de Chucurí,CO68689,San Vicente de Chucurí,6.883333333,-73.41666667,,,,,,
San Vicente del Caguán,CO18753,San Vicente del Caguán,2.116666667,-74.76666667,,,,,,
San Vicente Ferrer,CO05674,"San Vicente, Antioquia",6.281944444,-75.33222222,,,,,,
San Zenón,CO47703,San Zenón,9.333333333,-74.3,,,,,,
Sandoná,CO52683,Sandona,1.283333333,-77.46666667,,,,,,
Santa Ana,CO47707,"Santa Ana, Magdalena",9.319,-74.57,,,,,,
Santa Bárbara,CO05679,"Santa Bárbara, Antioquia",5.874722222,-75.56611111,,,,,,
Santa Bárbara,CO52696,"Santa Barbara, Nariño",2.44444,-77.9717,,,,,,
Santa Bárbara,CO68705,"Santa Bárbara, Santander",6.990277778,-72.90666667,,,,,,
Santa Bárbara de Pinto,CO47720,"Pinto, Magdalena",9.433333333,-74.7,,,,,,
Santa Catalina,CO13673,"Santa Catalina, Bolívar",10.603889,-75.287778,,,13.388333,-81.373611,,
Santa Fé de Antioquia,CO05042,Santa Fe de Antioquia,6.55,-75.81666667,,,,,,
Santa Helena del Opón,CO68720,Santa Helena del Opón,6.333333333,-73.6,,,,,,
Santa Isabel,CO73686,"Santa Isabel, Tolima",4.71667,-75.1014,,,,,,
Santa Lucía,CO08675,"Santa Lucía, Atlántico",10.31666667,-74.95,,,,,,
Santa María,CO15690,"Santa María, Boyacá",4.86,-73.26277778,,,,,,
Santa María,CO41676,"Santa María, Huila",2.95,-75.65,,,,,,
Santa Marta,CO47001,Santa Marta,11.24194444,-74.20527778,,,,,,
Santa Rosa,CO13683,"Santa Rosa, Bolívar",10.44555556,-75.36861111,,,,,,
Santa Rosa,CO19701,"Santa Rosa, Cauca",1.72944,-76.6044,,,,,,
Santa Rosa de Cabal,CO66682,Santa Rosa de Cabal,4.866666667,-75.61666667,,,,,,
Santa Rosa de Osos,CO05686,Santa Rosa de Osos,6.65,-75.46666667,,,,,,
Santa Rosa de Viterbo,CO15693,"Santa Rosa de Viterbo, Boyacá",5.883333333,-72.98333333,,,,,,
Santa Rosa del Sur,CO13688,Santa Rosa del Sur,7.966666667,-74.05,,,,,,
Santa Rosalía,CO99624,"Santa Rosalía, Vichada",5.12611,-70.8758,,,,,,
Santa Sofía,CO15696,"Santa Sofía, Boyacá",5.75,-73.58333333,,,,,,
Santacruz,CO52699,"Santacruz, Nariño",1.221944444,-77.67722222,,,,,,
Santana,CO15686,"Santana, Boyacá",6.057222222,-73.48111111,,,,,,
Santander de Quilichao,CO19698,Santander de Quilichao,3.016666667,-76.48333333,,,,,,
Santiago,CO54680,"Santiago, Norte de Santander",7.916666667,-72.66666667,,,,,,
Santiago,CO86760,"Santiago, Putumayo",1.146944,-77.001111,,,,,,
Santiago de Tolú,CO70820,Tolú,9.533333333,-75.58,,,,,,
Santo Domingo,CO05690,"Santo Domingo, Antioquia",6.470833333,-75.16583333,,,,,,
Santo Tomás,CO08685,Santo Tomás,10.766667,-74.916667,,,,,,
Santuario,CO66687,"Santuario, Risaralda",5.072463889,-75.96234722,,,,,,
Sapuyes,CO52720,Sapuyes,1.036944444,-77.62138889,,,,,,
Saravena,CO81736,Saravena,6.955555556,-71.87222222,,,,,,
Sardinata,CO54720,Sardinata,8.083333333,-72.8,,,,,,
Sasaima,CO25718,Sasaima,4.965,-74.43472222,,,,,,
Sativanorte,CO15720,Sativanorte,6.131388889,-72.7075,,,,,,
Sativasur,CO15723,Sativasur,6.083333333,-72.73333333,,,,,,
Segovia,CO05736,"Segovia, Antioquia",7.078055556,-74.70166667,,,,,,
Sesquilé,CO25736,Sesquilé,5.045277778,-73.79722222,,,,,,
Sevilla,CO76736,"Sevilla, Valle del Cauca",4.26889,-75.9361,,,,,,
Siachoque,CO15740,Siachoque,5.5,-73.23333333,,,,,,
Sibaté,CO25740,Sibaté,4.490833333,-74.25944444,,,,,,
Sibundoy,CO86749,Sibundoy,1.203333333,-76.91916667,,,,,,
Silos,CO54743,"Silos, Norte de Santander",7.2,-72.76666667,,,,,,
Silvania,CO25743,Silvania,4.403333,-74.388056,,,,,,
Silvia,CO19743,"Silvia, Cauca",2.616666667,-76.38333333,,,,,,
Simacota,CO68745,Simacota,6.45,-73.33333333,,,,,,
Simijaca,CO25745,Simijaca,5.501944444,-73.85194444,,,,,,
Simití,CO13744,Simití,7.966666667,-73.95,,,,,,
Sincelejo,CO70001,Sincelejo,9.295,-75.39611111,,,,,,
Sipí,CO27745,Sipí,4.65,-76.48333333,,,,,,
Sitionuevo,CO47745,Sitionuevo,10.78333333,-74.71666667,,,,,,
Soacha,CO25754,Soacha,4.587222222,-74.22138889,,,,,,
Soatá,CO15753,Soatá,6.333333,-72.666667,,,,,,
Socha,CO15757,Socha,6,-72.66666667,,,,,,
Socorro,CO68755,"Socorro, Santander",6.533333333,-73.2,,,,,,
Socotá,CO15755,Socotá,6.05,-72.63333333,,,,,,
Sogamoso,CO15759,Sogamoso,5.716666667,-72.92083333,,,,,,
Solano,CO18756,"Solano, Caquetá",0.698333333,-75.25388889,,,,,,
Soledad,CO08758,"Soledad, Atlántico",10.91666667,-74.75,,,,,,
Solita,CO18785,"Solita, Caquetá",0.866666667,-75.65,,,,,,
Somondoco,CO15761,Somondoco,4.98778,-73.4361,,,,,,
Sonsón,CO05756,Sonsón,5.709722222,-75.31,,,,,,
Sopetrán,CO05761,Sopetrán,6.501666667,-75.74,,,,,,
Soplaviento,CO13760,Soplaviento,10.33333333,-75.1,,,,,,
Sopó,CO25758,Sopó,4.916666667,-73.93333333,,,,,,
Sora,CO15762,"Sora, Boyacá",5.566666667,-73.43333333,,,,,,
Soracá,CO15764,Soracá,5.5,-73.31666667,,,,,,
Sotaquirá,CO15763,Sotaquirá,5.766666667,-73.25,,,,,,
Sotará - Paispamba,CO19760,"Sotará, Cauca",2.25,-76.58333333,,,,,,
Suaita,CO68770,San Jose de Suaita,6.10134,-73.44277,,,,,,
Suan,CO08770,Suan,10.332392,-74.879829,,,,,,
Suárez,CO19780,"Suárez, Tolima",4.55,-74.833333,,,,,,
Suárez,CO73770,"Suárez, Cauca",2.95889,-76.6953,,,,,,
Suaza,CO41770,Suaza,1.983333333,-75.81666667,,,,,,
Subachoque,CO25769,Subachoque,4.928055556,-74.17361111,,,,,,
Sucre,CO19785,"Sucre, Cauca",2.03333,-76.9167,,,,,,
Sucre,CO68773,"Sucre, Santander",5.923,-73.795,,,,,,
Sucre,CO70771,"Sucre, Sucre",8.81389,-74.7253,,,,,,
Suesca,CO25772,Suesca,5.1,-73.8,,,,,,
Supatá,CO25777,Supatá,5.061111111,-74.23666667,,,,,,
Supía,CO17777,"Supía, Caldas",5.466666667,-75.65,,,,,,
Suratá,CO68780,Suratá,7.366667,-72.983333,,,,,,
Susa,CO25779,"Susa, Cundinamarca",5.452805556,-73.81397222,,,,,,
Susacón,CO15774,Susacón,6.233333333,-72.7,,,,,,
Sutamarchán,CO15776,Sutamarchán,5.6,-73.63333333,,,,,,
Sutatausa,CO25781,Sutatausa,5.247222222,-73.8525,,,,,,
Sutatenza,CO15778,Sutatenza,5.016666667,-73.45,,,,,,
Tabio,CO25785,Tabio,4.915833333,-74.09833333,,,,,,
Tadó,CO27787,Tadó,5.266666667,-76.56666667,,,,,,
Talaigua Nuevo,CO13780,Talaigua Nuevo,9.30694,-74.5686,,,,,,
Tamalameque,CO20787,Tamalameque,8.833333333,-73.58333333,,,,,,
Támara,CO85400,"Támara, Casanare",5.82972,-72.1633,,,,,,
Tame,CO81794,"Tame, Arauca",6.466666667,-71.73,,,,,,
Támesis,CO05789,"Támesis, Antioquia",5.666666667,-75.71666667,,,,,,
Taminango,CO52786,Taminango,1.566666667,-77.28333333,,,,,,
Tangua,CO52788,"Tangua, Nariño",1.1,-77.4,,,,,,
Taraira,CO97666,Taraira,-0.560833333,-69.63361111,,,,,,
Tarapacá,CO91798,"Tarapacá, Amazonas",-2.878888889,-69.74388889,,,,,,
Tarazá,CO05790,Tarazá,7.588055556,-75.40277778,,,,,,
Tarqui,CO41791,"Tarqui, Huila",2.110555556,-75.82305556,,,,,,
Tarso,CO05792,Tarso,5.866666667,-75.83333333,,,,,,
Tasco,CO15790,"Tasco, Boyacá",5.916666667,-72.78333333,,,,,,
Tauramena,CO85410,Tauramena,5.016666667,-72.75,,,,,,
Tausa,CO25793,Tausa,5.196388889,-73.8875,,,,,,
Tello,CO41799,"Tello, Huila",3.066666667,-75.13333333,,,,,,
Tena,CO25797,"Tena, Cundinamarca",4.654722222,-74.39,,,,,,
Tenerife,CO47798,"Tenerife, Magdalena",10,-74.66666667,,,,,,
Tenjo,CO25799,Tenjo,4.916666667,-74.16666667,,,,,,
Tenza,CO15798,Tenza,5.083333333,-73.41,,,,,,
Teorama,CO54800,Teorama,8.433333333,-72.28333333,,,,,,
Teruel,CO41801,"Teruel, Huila",2.75,-75.56666667,,,,,,
Tesalia,CO41797,Tesalia,2.483333333,-75.73333333,,,,,,
Tibacuy,CO25805,Tibacuy,4.347222222,-74.4525,,,,,,
Tibaná,CO15804,Tibaná,5.316666667,-73.4,,,,,,
Tibasosa,CO15806,Tibasosa,5.833333333,-72.96666667,,,,,,
Tibirita,CO25807,Tibiritá,5.051111111,-73.50416667,,,,,,
Tibú,CO54810,Tibú,8.65,-72.73333333,,,,,,
Tierralta,CO23807,Tierralta,7.916666667,-76.16666667,,,,,,
Timaná,CO41807,Timaná,1.983333333,-75.95,,,,,,
Timbío,CO19807,Timbío,2.344547222,-76.68393889,,,,,,
Timbiquí,CO19809,,2.766667,-77.633333,,,,,,
Tinjacá,CO15808,Tinjacá,5.566666667,-73.65,,,,,,
Tipacoque,CO15810,Tipacoque,6.416666667,-72.7,,,,,,
Tiquisio,CO13810,Tiquisio,8.566666667,-74.26666667,,,,,,
Titiribí,CO05809,Titiribí,6.066666667,-75.8,,,,,,
Toca,CO15814,"Toca, Boyacá",5.566666667,-73.2,,,,,,
Tocaima,CO25815,Tocaima,4.5,-74.66666667,,,,,,
Tocancipá,CO25817,Tocancipá,4.96575,-73.91358333,,,,,,
Togüí,CO15816,Togüí,5.9375,-73.513333,,,,,,
Toledo,CO05819,"Toledo, Antioquia",7.01306,-75.6953,,,,,,
Toledo,CO54820,"Toledo, Norte de Santander",7.31306,-72.4875,,,,,,
Tona,CO68820,"Tona, Santander",7.25,-72.9,,,,,,
Tópaga,CO15820,Tópaga,5.766667,-72.833333,,,,,,
Topaipí,CO25823,Topaipí,5.333333333,-74.3,,,,,,
Toribío,CO19821,"Toribío, Cauca",2.958055556,-76.27138889,,,,,,
Toro,CO76823,"Toro, Valle del Cauca",4.611666667,-76.08138889,,,,,,
Tota,CO15822,"Tota, Boyacá",5.566666667,-72.98333333,,,,,,
Totoró,CO19824,Totoró,2.583333,-76.333333,,,,,,
Trinidad,CO85430,"Trinidad, Casanare",5.40889,-71.6622,,,,,,
Trujillo,CO76828,"Trujillo, Valle del Cauca",4.25,-76.33333333,,,,,,
Tubará,CO08832,Tubará,10.86666667,-74.98333333,,,,,,
Tuchín,CO23815,Tuchín,9.183333333,-75.55,,,,,,
Tuluá,CO76834,Tuluá,4.083333333,-76.2,,,,,,
Tunja,CO15001,Tunja,5.533333333,-73.36666667,,,,,,
Tununguá,CO15832,Tununguá,5.733333333,-73.93333333,,,,,,
Túquerres,CO52838,Túquerres,1.083333333,-77.61666667,,,,,,
Turbaco,CO13836,Turbaco,10.35,-75.33333333,,,,,,
Turbaná,CO13838,"Turbana, Bolívar",10.28333333,-75.45,,,,,,
Turbo,CO05837,Turbo,8.1,-76.733333,,,,,,
Turmequé,CO15835,Turmequé,5.316666667,-73.5,,,,,,
Tuta,CO15837,"Tuta, Boyacá",5.7,-73.23333333,,,,,,
Tutazá,CO15839,Tutazá,6.05,-72.86666667,,,,,,
Ubalá,CO25839,Ubalá,4.743888889,-73.53472222,,,,,,
Ubaque,CO25841,Ubaque,4.483055556,-73.93444444,,,,,,
Ulloa,CO76845,"Ulloa, Valle del Cauca",4.716666667,-75.75,,,,,,
Úmbita,CO15842,Ámbita,5.216666667,-73.46666667,,,,,,
Une,CO25845,Une,4.401944444,-74.025,,,,,,
Unguía,CO27800,Unguía,8.05,-77.1,,,,,,
Unión Panamericana,CO27810,Unión Panamericana,5.281388889,-76.63,,,,,,
Uramita,CO05842,Uramita,6.89944,-76.1742,,,,,,
Uribe,CO50370,La Uribe,3.240833,-74.353611,,,,,,
Uribia,CO44847,"Uribia, La Guajira",11.91666667,-72,,,,,,
Urrao,CO05847,Urrao,6.315555556,-76.13416667,,,,,,
Urumita,CO44855,Urumita,10.56666667,-73.01666667,,,,Usaquén,4.719722222,-74.03666667
Usiacurí,CO08849,Usiacurí,10.75,-74.98333333,,,,,,
Útica,CO25851,Ática,5.183333333,-74.48333333,,,,,,
Valdivia,CO05854,"Valdivia, Antioquia",7.289,-75.398,,,,,,
Valencia,CO23855,"Valencia, Córdoba",8.3,-76.16666667,,,,,,
Valle de San José,CO68855,Valle de San José,6.4475,-73.1436,,,,,,
Valle de San Juan,CO73854,Valle de San Juan,4.2,-75.11666667,,,,,,
Valle del Guamuez,CO86865,Valle del Guamez,0.425278,-76.905278,,,,,,
Valledupar,CO20001,Valledupar,10.48333333,-73.25,,,,,,
Valparaíso,CO05856,"Valparaíso, Antioquia",5.618,-75.629,,,,,,
Valparaíso,CO18860,"Valparaíso, Caquetá",1.19917,-75.7097,,,,,,
Vegachí,CO05858,Vegachí,6.773056,-74.799444,,,,,,
Vélez,CO68861,"Vélez, Santander",6.010333333,-73.67633332,,,,,,
Venadillo,CO73861,Venadillo,4.75,-74.91666667,,,,,,
Venecia,CO05861,"Venecia, Antioquia",5.916666667,-75.75,,,,,,
Venecia,CO25506,"Venecia, Cundinamarca",4.088611111,-74.4775,,,,,,
Ventaquemada,CO15861,Ventaquemada,5.416666667,-73.5,,,,,,
Vergara,CO25862,"Vergara, Cundinamarca",5.166666667,-74.33333333,,,,,,
Versalles,CO76863,Versalles,4.666666667,-76.25,,,,,,
Vetas,CO68867,Vetas,7.33333,-72.8667,,,,,,
Vianí,CO25867,Vianí,4.873888889,-74.56277778,,,,,,
Victoria,CO17867,"Victoria, Caldas",5.416666667,-74.83333333,,,,,,
Vigía del Fuerte,CO05873,Vigía del Fuerte,6.588888889,-76.89583333,,,,,,
Vijes,CO76869,Vijes,3.7,-76.45,,,,,,
Villa Caro,CO54871,Villa Caro,7.91694,-72.9764,,,,,,
Villa de Leyva,CO15407,Villa de Leyva,5.633333333,-73.53333333,,,,,,
Villa de San Diego de Ubaté,CO25843,Ubaté,5.307222222,-73.81444444,,,,,,
Villa del Rosario,CO54874,"Villa del Rosario, Norte de Santander",7.833888889,-72.47416667,,,,,,
Villa Rica,CO19845,"Villa Rica, Cauca",2.516666667,-76.85,,,,,,
Villagarzón,CO86885,Villagarzón,1.029444,-76.616389,,,,,,
Villagómez,CO25871,Villagómez,5.283333333,-74.2,,,,,,
Villahermosa,CO73870,"Villahermosa, Tolima",5,-75.16666667,,,,,,
Villamaría,CO17873,"Villamaría, Caldas",5,-75.5,,,,,,
Villanueva,CO13873,"Villanueva, Bolívar",10.4456,-75.2761,,,,,,
Villanueva,CO44874,"Villanueva, La Guajira",10.6,-72.98333333,,,,,,
Villanueva,CO68872,"Villanueva, Santander",6.67417,-73.1778,,,,,,
Villanueva,CO85440,"Villanueva, Casanare",4.608736111,-72.92879167,,,,,,
Villapinzón,CO25873,Villapinzón,5.216666667,-73.6,,,,,,
Villarrica,CO73873,"Villarrica, Tolima",4,-74.58333333,,,,,,
Villavicencio,CO50001,Villavicencio,4.15,-73.63333333,,,,,,
Villavieja,CO41872,"Villavieja, Huila",3.216666667,-75.21666667,,,,,,
Villeta,CO25875,"Villeta, Cundinamarca",5.008308333,-74.47378056,,,,,,
Viotá,CO25878,Viotá,4.438055556,-74.52388889,,,,,,
Viracachá,CO15879,Viracachá,5.433333333,-73.3,,,,,,
Vistahermosa,CO50711,"Vista Hermosa, Meta",3.123888889,-73.75138889,,,,,,
Viterbo,CO17877,"Viterbo, Caldas",5.066666667,-75.88333333,,,,,,
Yacopí,CO25885,Yacopí,5.466666667,-74.33333333,,,,,,
Yacuanquer,CO52885,Yacuanquer,1.116666667,-77.4,,,,,,
Yaguará,CO41885,Yaguará,2.66611,-75.5186,,,,,,
Yalí,CO05885,Yalí,6.676667,-74.841111,,,,,,
Yarumal,CO05887,Yarumal,7,-75.5,,,,,,
Yavaraté,CO97889,Yavaraté,0.616667,-69.2,,,,,,
Yolombó,CO05890,Yolombó,6.597777778,-75.01222222,,,,,,
Yondó,CO05893,Yondó,7,-73.91666667,,,,,,
Yopal,CO85001,Yopal,5.35,-72.41,,,,,,
Yotoco,CO76890,Yotoco,3.866666667,-76.38333333,,,,,,
Yumbo,CO76892,Yumbo,3.585,-76.4958,,,,,,
Zambrano,CO13894,"Zambrano, Bolívar",9.75,-74.83333333,,,,,,
Zapatoca,CO68895,Zapatoca,6.816666667,-73.26666667,,,,,,
Zapayán,CO47960,Zapayán,10.1708,-74.7194,,,,,,
Zaragoza,CO05895,"Zaragoza, Antioquia",7.494,-74.871,,,,,,
Zarzal,CO76895,Zarzal,4.398333333,-76.07722222,,,,,,
Zetaquira,CO15897,Zetaquirá,5.35,-73.16666667,,,,,,
Zipacón,CO25898,Zipacón,4.76,-74.37972222,,,,,,
Zipaquirá,CO25899,Zipaquirá,5.033333333,-74,,,,,,
Zona Bananera,CO47980,"Zona Bananera, Magdalena",10.7647,-74.1586,,,,,,